id,session_id,problem_id,confidence,challenge,ai_predicted_confidence,ai_predicted_challenge,phase,knowledge_component,description_main,description_sub,human_gap,ai_gap,gap_difference
b2fd9940-45a7-4d5a-a4f5-803ed0f657d1,1c6b12f7-f8d9-4109-bf87-09b3975f7829,2-7-(2),3,3,2,5,final_check,行列演算と逆行列,"次を満たす2次正方行列 $P, Q_\theta, R_\theta$ を定めよ。","点 $(x,y)$ を原点の周りに角 $\theta$ だけ回転移動した点を $(x',y')$ とするとき、2点の関係を $\begin{bmatrix}x'\\ y'\end{bmatrix}=Q_\theta\begin{bmatrix}x\\ y\end{bmatrix}$ の形に書き表せ。",0,-3,3
68ac2049-a759-41bc-8f09-b0ab65b5cd7c,1c6b12f7-f8d9-4109-bf87-09b3975f7829,2-7-(3),3,3,2,5,final_check,行列演算と逆行列,"次を満たす2次正方行列 $P, Q_\theta, R_\theta$ を定めよ。","原点の周りに角 $\theta$ だけ回転移動した直線を $l_\theta$ とする。点 $(x,y)$ を $l_\theta$ に関して対称移動した点を $(x',y')$ とするとき、2点の関係を $\begin{bmatrix}x'\\ y'\end{bmatrix}=R_\theta\begin{bmatrix}x\\ y\end{bmatrix}$ の形に書き表せ。",0,-3,3
b293c268-f63a-4596-91f6-fe228857dfcf,1c6b12f7-f8d9-4109-bf87-09b3975f7829,2-Rep-2,3,3,5,2,final_check,行列演算と逆行列,"$X=\begin{bmatrix}1&1\\ -1&1\\ 2&1\end{bmatrix}, Y=\begin{bmatrix}-1&2\\ 1&-1\end{bmatrix}$ とする。","$XY, YX, XY'X, Y'XY, XYX$ のうちで積が定義されているものをすべて挙げ、それぞれ積を求めよ。",0,3,3
88aedab5-74a5-41a5-a37b-a62903bb9eb0,1c6b12f7-f8d9-4109-bf87-09b3975f7829,4-1-(1),3,3,6,1,final_check,行列演算と逆行列,次の行列に行基本変形を行い、簡約行列に変形せよ。,$\begin{bmatrix}0&-1&2\\ 1&0&-1\\ 0&0&0\end{bmatrix}$,0,5,5
da262e06-baeb-4812-8e44-0ff4dedacf18,1c6b12f7-f8d9-4109-bf87-09b3975f7829,4-Rep-2,3,3,3,3,final_check,行列演算と逆行列,次の行列の階数を求めよ。($a$ の値に応じて場合分けせよ),$\begin{bmatrix}a&2a+2&5\\ a+3&a^2&2\\ -1&1&1\end{bmatrix}$,0,0,0
65738690-4a6b-45ab-9f98-4f987547e059,1c6b12f7-f8d9-4109-bf87-09b3975f7829,8-1-(2),3,3,3,3,final_check,行列演算と逆行列,"$A=\begin{bmatrix}a&b\\ c&d\end{bmatrix}, \tilde{A}=\begin{bmatrix}d&-b\\ -c&a\end{bmatrix}, B=\begin{bmatrix}e&f\\ g&h\end{bmatrix}$ とする。",$A\tilde{A}$ を計算せよ。,0,0,0
796ce63b-eedb-43df-9db0-1c50042f2711,1c6b12f7-f8d9-4109-bf87-09b3975f7829,8-1-(5),3,3,1,6,final_check,行列演算と逆行列,"$A=\begin{bmatrix}a&b\\ c&d\end{bmatrix}, \tilde{A}=\begin{bmatrix}d&-b\\ -c&a\end{bmatrix}, B=\begin{bmatrix}e&f\\ g&h\end{bmatrix}$ とする。",$|A|\neq 0$ と $A$ が正則であることは同値であることを示せ。,0,-5,5
1516805a-c704-48a5-9ced-1ec0bab33567,1c6b12f7-f8d9-4109-bf87-09b3975f7829,8-2-(1),3,3,3,3,final_check,行列演算と逆行列,以下の行列が正則かどうか調べよ。さらに、正則であれば逆行列を求めよ。,$\begin{bmatrix}e^x&-1\\ 0&e^y\end{bmatrix}$,0,0,0
77664f4e-0469-4bfb-a55f-c1bf8c95bb3e,1c6b12f7-f8d9-4109-bf87-09b3975f7829,2-4-(3),3,3,5,2,final_check,行列演算と逆行列,"$A=\begin{bmatrix}2&-1&1\\ 1&0&-1\end{bmatrix}, B=\begin{bmatrix}-2&1&2\\ 2&3&1\end{bmatrix}, C=\begin{bmatrix}2&-1&0\\ -3&0&2\\ 0&1&4\end{bmatrix}$ のとき、次の行列を求めよ。",$BC$,0,3,3
f52c2c4e-5192-46b4-94cd-d967e5ebeb1e,1c6b12f7-f8d9-4109-bf87-09b3975f7829,2-4-(4),3,3,4,2,final_check,行列演算と逆行列,"$A=\begin{bmatrix}2&-1&1\\ 1&0&-1\end{bmatrix}, B=\begin{bmatrix}-2&1&2\\ 2&3&1\end{bmatrix}, C=\begin{bmatrix}2&-1&0\\ -3&0&2\\ 0&1&4\end{bmatrix}$ のとき、次の行列を求めよ。",$A C^t B^t$,0,2,2
e5237214-2392-453d-9eed-b800f14142cf,1c6b12f7-f8d9-4109-bf87-09b3975f7829,2-7-(1),3,3,2,5,final_check,行列演算と逆行列,"次を満たす2次正方行列 $P, Q_\theta, R_\theta$ を定めよ。","点 $(x,y)$ を $x$ 軸に関して対称移動した点を $(x',y')$ とするとき、2点の関係を $\begin{bmatrix}x'\\ y'\end{bmatrix}=P\begin{bmatrix}x\\ y\end{bmatrix}$ の形に書き表せ。",0,-3,3
34d88dbe-0efa-4914-975c-5a898bc3a8f7,1c6b12f7-f8d9-4109-bf87-09b3975f7829,8-2-(2),3,3,3,3,final_check,行列演算と逆行列,以下の行列が正則かどうか調べよ。さらに、正則であれば逆行列を求めよ。,$\begin{bmatrix}\lambda&-1\\ 1&\lambda-2\end{bmatrix}$,0,0,0
420113b0-f4ed-4220-bfa2-56aafe402ce0,1c6b12f7-f8d9-4109-bf87-09b3975f7829,8-2-(3),3,3,5,2,final_check,行列演算と逆行列,以下の行列が正則かどうか調べよ。さらに、正則であれば逆行列を求めよ。,$\begin{bmatrix}2&1&3\\ 3&2&5\\ 1&2&3\end{bmatrix}$,0,3,3
a0312fb5-028a-4f1d-9336-a6cf4ccda803,1c6b12f7-f8d9-4109-bf87-09b3975f7829,8-2-(4),3,3,5,2,final_check,行列演算と逆行列,以下の行列が正則かどうか調べよ。さらに、正則であれば逆行列を求めよ。,$\begin{bmatrix}1&1&-2\\ 3&2&-4\\ -2&0&2\end{bmatrix}$,0,3,3
f6be608c-bb98-49c4-872d-30763fd34222,1c6b12f7-f8d9-4109-bf87-09b3975f7829,8-2-(5),3,3,4,3,final_check,行列演算と逆行列,以下の行列が正則かどうか調べよ。さらに、正則であれば逆行列を求めよ。,$\begin{bmatrix}0&0&1&0\\ 0&-1&0&0\\ -1&0&2&0\\ 0&1&-1&1\end{bmatrix}$,0,1,1
55c6c161-19bb-4b2f-ac5b-d62983adc285,1c6b12f7-f8d9-4109-bf87-09b3975f7829,8-4-(1),3,3,4,2,final_check,行列演算と逆行列,"$A=\begin{bmatrix}1&1&0\\ 2&3&-2\\ 3&4&-3\end{bmatrix}, B=\begin{bmatrix}0&-1&2\\ 1&0&-3\\ -2&3&0\end{bmatrix}$ に対して以下の問いに答えよ。",$AX=B$ を満たす3次正方行列 $X$ を求めよ。,0,2,2
9a0c23da-0325-4615-8fa9-a59f0059b5f4,1c6b12f7-f8d9-4109-bf87-09b3975f7829,8-4-(2),3,3,4,2,final_check,行列演算と逆行列,"$A=\begin{bmatrix}1&1&0\\ 2&3&-2\\ 3&4&-3\end{bmatrix}, B=\begin{bmatrix}0&-1&2\\ 1&0&-3\\ -2&3&0\end{bmatrix}$ に対して以下の問いに答えよ。",$YA=B$ を満たす3次正方行列 $Y$ を求めよ。,0,2,2
31e35ee9-1bd9-4490-bff0-5312ac774e8c,1c6b12f7-f8d9-4109-bf87-09b3975f7829,8-6-(1),3,3,2,4,final_check,行列演算と逆行列,正方行列 $A$ が $^tAA=E$ を満たすとき $A$ を直交行列という。以下の行列について答えよ。,$P=\begin{bmatrix}\cos\theta&-\sin\theta\\ \sin\theta&\cos\theta\end{bmatrix}$ は直交行列であることを示せ。さらに、$P$ の逆行列を求めよ。,0,-2,2
fa92b635-31be-40dc-b28a-12249820791c,1c6b12f7-f8d9-4109-bf87-09b3975f7829,8-6-(2),3,3,2,5,final_check,行列演算と逆行列,正方行列 $A$ が $^tAA=E$ を満たすとき $A$ を直交行列という。以下の行列について答えよ。,$Q=\begin{bmatrix}\sin\theta\cos\varphi&\cos\theta\cos\varphi&-\sin\varphi\\ \sin\theta\sin\varphi&\cos\theta\sin\varphi&\cos\varphi\\ \cos\theta&-\sin\theta&0\end{bmatrix}$ は直交行列であることを示せ。さらに、$Q$ の逆行列を求めよ。,0,-3,3
d505855c-0ab3-4cb6-bbdb-7c0a6d0a988a,1c6b12f7-f8d9-4109-bf87-09b3975f7829,8-6-(3),3,3,2,5,final_check,行列演算と逆行列,正方行列 $A$ が $^tAA=E$ を満たすとき $A$ を直交行列という。以下の行列について答えよ。,問5(3)の行列を $R$ とする。$r\sin\theta \neq 0$ のとき、$R$ の逆行列を求めよ。,0,-3,3
fb7bd0af-5939-44ae-9ab5-981cd295171e,1c6b12f7-f8d9-4109-bf87-09b3975f7829,8-Rep-1-(ii),3,3,5,2,final_check,行列演算と逆行列,$A=\begin{bmatrix}2&k&4\\ 1&1&-1\\ 4&2&1\end{bmatrix}$ とする。,$k=-1$ のとき、$A$ の逆行列 $A^{-1}$ を求めよ。,0,3,3
fadf3013-a9f8-4747-8ca9-8825dc650f5c,1c6b12f7-f8d9-4109-bf87-09b3975f7829,10-2-(2),3,3,1,6,final_check,行列演算と逆行列,$n$ 次正方行列 $A$ の余因子行列を $\tilde{A}$、$n$ 次単位行列を $E$ とする。,$|\tilde{A}|$ を $|A|$ を用いて表せ。,0,-5,5
35062d22-c89d-4302-a1d4-2b2a1431fabc,1c6b12f7-f8d9-4109-bf87-09b3975f7829,10-6-(1),3,3,3,3,final_check,行列演算と逆行列,次の行列 $A$ の余因子行列 $\tilde{A}$ を求め、さらに $A$ が正則である場合には $A^{-1}$ を求めよ。\n$A=\begin{bmatrix}0&1&1\\ 1&0&1\\ 1&1&0\end{bmatrix}$,$\tilde{A}$ を求めよ。また $A^{-1}$ を求めよ。,0,0,0
d09aab43-d78c-4096-9281-d0bbd54f57db,1c6b12f7-f8d9-4109-bf87-09b3975f7829,10-Rep-1-(ii),3,3,3,3,final_check,行列演算と逆行列,"次の2つの行列 $A, B$ を考える。\n$A=\begin{bmatrix}1&0&-1&1\\ 2&1&0&1\\ 1&1&-1&0\\ 0&3&2&1\end{bmatrix}, B=\begin{bmatrix}4&-4&-3&9\\ 3&-1&-4&5\\ 8&5&-8&-9\\ 3&0&4&8\end{bmatrix}$","$A$ の余因子行列の $(4,1)$ 成分を求めよ。さらにそれを用いて、$A^{-1}$ の $(4,1)$ 成分を求めよ。",0,0,0
4d445c91-d99a-4441-8cc9-04c3a092713f,1c6b12f7-f8d9-4109-bf87-09b3975f7829,7-(15),3,3,3,3,final_check,行列演算と逆行列,"$a_1=\begin{bmatrix}1\\ 0\\ 2\\ 3\end{bmatrix}, a_2=\begin{bmatrix}1\\ 1\\ -2\\ 2\end{bmatrix}, a_3=\begin{bmatrix}3\\ 2\\ 1\\ 0\end{bmatrix}, b=\begin{bmatrix}1\\ 1\\ 4\\ k\end{bmatrix}$ について、次の問いに答えよ。","$b=c_1a_1+c_2a_2+c_3a_3$ を満たす実数 $c_1,c_2,c_3$ が存在するための $k$ の条件を求めよ。",0,0,0
2f32838b-ed5d-4eff-a1d2-ab7521081a1f,1c6b12f7-f8d9-4109-bf87-09b3975f7829,6-(12),3,3,3,3,final_check,行列演算と逆行列,行列 $\begin{bmatrix}2&1&1\\ 1&-2&0\\ 1&2&1\end{bmatrix}$ について、次の問いに答えよ。,逆行列の第3列ベクトルを求めよ。,0,0,0
5adaf3ef-fce2-448b-8d92-09738c7fb765,1c6b12f7-f8d9-4109-bf87-09b3975f7829,8-(18),3,3,3,3,final_check,行列演算と逆行列,行列 $A=\begin{bmatrix}1&3&1\\ 2&5&2\\ 3&4&0\end{bmatrix}$ について、$\tilde{A}$ をその余因子行列とする。,$\tilde{A}$ の第3列ベクトルを求めよ。,0,0,0
81044bd4-a8dd-4c7c-a657-4884df18f5e3,1c6b12f7-f8d9-4109-bf87-09b3975f7829,8-(19),3,3,3,3,final_check,行列演算と逆行列,行列 $A=\begin{bmatrix}1&3&1\\ 2&5&2\\ 3&4&0\end{bmatrix}$ について、$\tilde{A}$ をその余因子行列とする。,$A\tilde{A}$ を求めよ。,0,0,0
7428af61-24af-405b-a2c4-2aa6b0d5cfbb,bd695d8a-ee24-4ad2-8cc1-4453f8a12f66,2-Rep-2,6,1,6,1,final_check,行列演算と逆行列,"$X=\begin{bmatrix}1&1\\ -1&1\\ 2&1\end{bmatrix}, Y=\begin{bmatrix}-1&2\\ 1&-1\end{bmatrix}$ とする。","$XY, YX, XY'X, Y'XY, XYX$ のうちで積が定義されているものをすべて挙げ、それぞれ積を求めよ。",5,5,0
0ca6018c-3a90-4d17-8fad-5b57075337c5,bd695d8a-ee24-4ad2-8cc1-4453f8a12f66,4-1-(1),5,1,5,2,final_check,行列演算と逆行列,次の行列に行基本変形を行い、簡約行列に変形せよ。,$\begin{bmatrix}0&-1&2\\ 1&0&-1\\ 0&0&0\end{bmatrix}$,4,3,1
be878f1d-462c-435d-b5ac-f85a5427ea1a,bd695d8a-ee24-4ad2-8cc1-4453f8a12f66,4-1-(2),6,1,6,1,final_check,行列演算と逆行列,次の行列に行基本変形を行い、簡約行列に変形せよ。,$\begin{bmatrix}0&0\\ -2&3\end{bmatrix}$,5,5,0
a0ac1a77-3e3a-41d0-8972-7173d71f6b72,bd695d8a-ee24-4ad2-8cc1-4453f8a12f66,4-3-(2),6,1,5,2,final_check,行列演算と逆行列,次の行列を何回かの行基本変形で簡約行列に変形し、階数（rank）を求めよ。,$\begin{bmatrix}0&-1&3&6\\ 2&5&3&4\\ 3&7&6&9\end{bmatrix}$,5,3,2
65e7971e-46a6-4756-97d5-9a8101090baa,bd695d8a-ee24-4ad2-8cc1-4453f8a12f66,8-1-(2),6,1,5,2,final_check,行列演算と逆行列,"$A=\begin{bmatrix}a&b\\ c&d\end{bmatrix}, \tilde{A}=\begin{bmatrix}d&-b\\ -c&a\end{bmatrix}, B=\begin{bmatrix}e&f\\ g&h\end{bmatrix}$ とする。",$A\tilde{A}$ を計算せよ。,5,3,2
15b123e1-1b25-4429-9f1a-5380b8550426,bd695d8a-ee24-4ad2-8cc1-4453f8a12f66,8-2-(1),2,2,3,4,final_check,行列演算と逆行列,以下の行列が正則かどうか調べよ。さらに、正則であれば逆行列を求めよ。,$\begin{bmatrix}e^x&-1\\ 0&e^y\end{bmatrix}$,0,-1,1
d084035c-9aa9-4c47-9128-82d2eeb0f74d,bd695d8a-ee24-4ad2-8cc1-4453f8a12f66,2-4-(1),6,1,6,1,final_check,行列演算と逆行列,"$A=\begin{bmatrix}2&-1&1\\ 1&0&-1\end{bmatrix}, B=\begin{bmatrix}-2&1&2\\ 2&3&1\end{bmatrix}, C=\begin{bmatrix}2&-1&0\\ -3&0&2\\ 0&1&4\end{bmatrix}$ のとき、次の行列を求めよ。",$2A-3B$,5,5,0
ffbb9969-1a6d-4081-adbd-40277156417c,bd695d8a-ee24-4ad2-8cc1-4453f8a12f66,2-4-(2),6,1,6,2,final_check,行列演算と逆行列,"$A=\begin{bmatrix}2&-1&1\\ 1&0&-1\end{bmatrix}, B=\begin{bmatrix}-2&1&2\\ 2&3&1\end{bmatrix}, C=\begin{bmatrix}2&-1&0\\ -3&0&2\\ 0&1&4\end{bmatrix}$ のとき、次の行列を求めよ。",$2X+3A=B$ を満たす行列 $X$,5,4,1
d500e1d8-af49-4998-be4f-ff358c399060,bd695d8a-ee24-4ad2-8cc1-4453f8a12f66,2-4-(3),6,1,6,2,final_check,行列演算と逆行列,"$A=\begin{bmatrix}2&-1&1\\ 1&0&-1\end{bmatrix}, B=\begin{bmatrix}-2&1&2\\ 2&3&1\end{bmatrix}, C=\begin{bmatrix}2&-1&0\\ -3&0&2\\ 0&1&4\end{bmatrix}$ のとき、次の行列を求めよ。",$BC$,5,4,1
e1def786-fa7f-4532-90b9-4a507898314e,bd695d8a-ee24-4ad2-8cc1-4453f8a12f66,2-4-(4),6,2,5,2,final_check,行列演算と逆行列,"$A=\begin{bmatrix}2&-1&1\\ 1&0&-1\end{bmatrix}, B=\begin{bmatrix}-2&1&2\\ 2&3&1\end{bmatrix}, C=\begin{bmatrix}2&-1&0\\ -3&0&2\\ 0&1&4\end{bmatrix}$ のとき、次の行列を求めよ。",$A C^t B^t$,4,3,1
35a10094-a786-4b2d-ad67-01dac1b20020,bd695d8a-ee24-4ad2-8cc1-4453f8a12f66,2-6-(1),1,2,6,1,final_check,行列演算と逆行列,2次正則行列の逆行列の公式を用いて、次の問いに答えよ。,次の行列の逆行列を求めよ。\n$\begin{bmatrix}\cos\theta&\sin\theta\\ \sin\theta&-\cos\theta\end{bmatrix}$,-1,5,6
55e23c37-c67b-4b92-b0d2-cecda2b8d003,bd695d8a-ee24-4ad2-8cc1-4453f8a12f66,8-2-(3),1,2,3,4,final_check,行列演算と逆行列,以下の行列が正則かどうか調べよ。さらに、正則であれば逆行列を求めよ。,$\begin{bmatrix}2&1&3\\ 3&2&5\\ 1&2&3\end{bmatrix}$,-1,-1,0
8dbce057-7207-4256-b4e1-d003c6b874b6,bd695d8a-ee24-4ad2-8cc1-4453f8a12f66,8-2-(4),1,2,3,4,final_check,行列演算と逆行列,以下の行列が正則かどうか調べよ。さらに、正則であれば逆行列を求めよ。,$\begin{bmatrix}1&1&-2\\ 3&2&-4\\ -2&0&2\end{bmatrix}$,-1,-1,0
8e6a5606-849e-464f-9231-60ce4009adf4,bd695d8a-ee24-4ad2-8cc1-4453f8a12f66,8-2-(5),1,2,2,5,final_check,行列演算と逆行列,以下の行列が正則かどうか調べよ。さらに、正則であれば逆行列を求めよ。,$\begin{bmatrix}0&0&1&0\\ 0&-1&0&0\\ -1&0&2&0\\ 0&1&-1&1\end{bmatrix}$,-1,-3,2
710cdf63-f0df-4928-9dcf-ddd43aca9870,bd695d8a-ee24-4ad2-8cc1-4453f8a12f66,8-4-(1),6,1,3,4,final_check,行列演算と逆行列,"$A=\begin{bmatrix}1&1&0\\ 2&3&-2\\ 3&4&-3\end{bmatrix}, B=\begin{bmatrix}0&-1&2\\ 1&0&-3\\ -2&3&0\end{bmatrix}$ に対して以下の問いに答えよ。",$AX=B$ を満たす3次正方行列 $X$ を求めよ。,5,-1,6
e49af18c-5bca-4083-b9e3-c9b16107b8dd,bd695d8a-ee24-4ad2-8cc1-4453f8a12f66,8-4-(2),6,1,3,4,final_check,行列演算と逆行列,"$A=\begin{bmatrix}1&1&0\\ 2&3&-2\\ 3&4&-3\end{bmatrix}, B=\begin{bmatrix}0&-1&2\\ 1&0&-3\\ -2&3&0\end{bmatrix}$ に対して以下の問いに答えよ。",$YA=B$ を満たす3次正方行列 $Y$ を求めよ。,5,-1,6
51329873-e480-4a7b-ad22-cab3d03c0063,bd695d8a-ee24-4ad2-8cc1-4453f8a12f66,8-6-(2),1,2,2,5,final_check,行列演算と逆行列,正方行列 $A$ が $^tAA=E$ を満たすとき $A$ を直交行列という。以下の行列について答えよ。,$Q=\begin{bmatrix}\sin\theta\cos\varphi&\cos\theta\cos\varphi&-\sin\varphi\\ \sin\theta\sin\varphi&\cos\theta\sin\varphi&\cos\varphi\\ \cos\theta&-\sin\theta&0\end{bmatrix}$ は直交行列であることを示せ。さらに、$Q$ の逆行列を求めよ。,-1,-3,2
c6d26f6c-9a30-4c41-b722-f75d49504031,bd695d8a-ee24-4ad2-8cc1-4453f8a12f66,8-6-(3),1,1,2,5,final_check,行列演算と逆行列,正方行列 $A$ が $^tAA=E$ を満たすとき $A$ を直交行列という。以下の行列について答えよ。,問5(3)の行列を $R$ とする。$r\sin\theta \neq 0$ のとき、$R$ の逆行列を求めよ。,0,-3,3
ef3c3825-650f-4b1d-8ea9-32b4fd90befb,bd695d8a-ee24-4ad2-8cc1-4453f8a12f66,10-6-(1),2,3,2,5,final_check,行列演算と逆行列,次の行列 $A$ の余因子行列 $\tilde{A}$ を求め、さらに $A$ が正則である場合には $A^{-1}$ を求めよ。\n$A=\begin{bmatrix}0&1&1\\ 1&0&1\\ 1&1&0\end{bmatrix}$,$\tilde{A}$ を求めよ。また $A^{-1}$ を求めよ。,-1,-3,2
e0155d9e-ae69-4029-bde0-2fa7fe0a0fac,bd695d8a-ee24-4ad2-8cc1-4453f8a12f66,10-Rep-1-(ii),1,2,2,4,final_check,行列演算と逆行列,"次の2つの行列 $A, B$ を考える。\n$A=\begin{bmatrix}1&0&-1&1\\ 2&1&0&1\\ 1&1&-1&0\\ 0&3&2&1\end{bmatrix}, B=\begin{bmatrix}4&-4&-3&9\\ 3&-1&-4&5\\ 8&5&-8&-9\\ 3&0&4&8\end{bmatrix}$","$A$ の余因子行列の $(4,1)$ 成分を求めよ。さらにそれを用いて、$A^{-1}$ の $(4,1)$ 成分を求めよ。",-1,-2,1
c151012f-03be-4d15-afe4-b5d3cbf5645b,bd695d8a-ee24-4ad2-8cc1-4453f8a12f66,6-(14),6,2,3,3,final_check,行列演算と逆行列,"$A=\begin{bmatrix}1&-2\\ -2&3\end{bmatrix}, B=\begin{bmatrix}1&-2\\ 1&-1\end{bmatrix}, M=\begin{bmatrix}A&B\end{bmatrix}$ について、次の問いに答えよ。",$AXA=B$ を満たす行列 $X$ を求めよ。,4,0,4
32c51595-e499-4b4d-bca8-e660f7c8d18b,bd695d8a-ee24-4ad2-8cc1-4453f8a12f66,7-(15),6,2,4,4,final_check,行列演算と逆行列,"$a_1=\begin{bmatrix}1\\ 0\\ 2\\ 3\end{bmatrix}, a_2=\begin{bmatrix}1\\ 1\\ -2\\ 2\end{bmatrix}, a_3=\begin{bmatrix}3\\ 2\\ 1\\ 0\end{bmatrix}, b=\begin{bmatrix}1\\ 1\\ 4\\ k\end{bmatrix}$ について、次の問いに答えよ。","$b=c_1a_1+c_2a_2+c_3a_3$ を満たす実数 $c_1,c_2,c_3$ が存在するための $k$ の条件を求めよ。",4,0,4
249e5e92-dc07-4948-b359-1f2ca73b4ecb,bd695d8a-ee24-4ad2-8cc1-4453f8a12f66,6-(12),2,2,3,3,final_check,行列演算と逆行列,行列 $\begin{bmatrix}2&1&1\\ 1&-2&0\\ 1&2&1\end{bmatrix}$ について、次の問いに答えよ。,逆行列の第3列ベクトルを求めよ。,0,0,0
c5dd1326-9236-4f2e-88da-64aacdcaca9e,bd695d8a-ee24-4ad2-8cc1-4453f8a12f66,8-(18),1,2,2,4,final_check,行列演算と逆行列,行列 $A=\begin{bmatrix}1&3&1\\ 2&5&2\\ 3&4&0\end{bmatrix}$ について、$\tilde{A}$ をその余因子行列とする。,$\tilde{A}$ の第3列ベクトルを求めよ。,-1,-2,1
975e20ba-4a1e-4ba5-a727-ddfe31065a46,bd695d8a-ee24-4ad2-8cc1-4453f8a12f66,8-(19),1,2,2,4,final_check,行列演算と逆行列,行列 $A=\begin{bmatrix}1&3&1\\ 2&5&2\\ 3&4&0\end{bmatrix}$ について、$\tilde{A}$ をその余因子行列とする。,$A\tilde{A}$ を求めよ。,-1,-2,1
de916b04-8e36-4aad-8def-d30f05bdcceb,8e1cb682-c2c6-4c12-bf0b-a22d7f61558b,2-7-(2),5,3,5,2,final_check,行列演算と逆行列,"次を満たす2次正方行列 $P, Q_\theta, R_\theta$ を定めよ。","点 $(x,y)$ を原点の周りに角 $\theta$ だけ回転移動した点を $(x',y')$ とするとき、2点の関係を $\begin{bmatrix}x'\\ y'\end{bmatrix}=Q_\theta\begin{bmatrix}x\\ y\end{bmatrix}$ の形に書き表せ。",2,3,1
d14102d2-45f9-4f57-abd2-3993fca0eeb4,8e1cb682-c2c6-4c12-bf0b-a22d7f61558b,2-Rep-2,6,1,6,2,final_check,行列演算と逆行列,"$X=\begin{bmatrix}1&1\\ -1&1\\ 2&1\end{bmatrix}, Y=\begin{bmatrix}-1&2\\ 1&-1\end{bmatrix}$ とする。","$XY, YX, XY'X, Y'XY, XYX$ のうちで積が定義されているものをすべて挙げ、それぞれ積を求めよ。",5,4,1
49a30b44-40a8-452c-b257-75c6bb08cec1,8e1cb682-c2c6-4c12-bf0b-a22d7f61558b,4-1-(1),6,1,6,2,final_check,行列演算と逆行列,次の行列に行基本変形を行い、簡約行列に変形せよ。,$\begin{bmatrix}0&-1&2\\ 1&0&-1\\ 0&0&0\end{bmatrix}$,5,4,1
6b487cac-ed5c-4f5b-9bf8-96a0cddbaa6f,8e1cb682-c2c6-4c12-bf0b-a22d7f61558b,4-1-(2),6,1,6,1,final_check,行列演算と逆行列,次の行列に行基本変形を行い、簡約行列に変形せよ。,$\begin{bmatrix}0&0\\ -2&3\end{bmatrix}$,5,5,0
e344ae79-f441-4c2c-b813-689ac6ad24f6,8e1cb682-c2c6-4c12-bf0b-a22d7f61558b,4-3-(2),6,1,5,3,final_check,行列演算と逆行列,次の行列を何回かの行基本変形で簡約行列に変形し、階数（rank）を求めよ。,$\begin{bmatrix}0&-1&3&6\\ 2&5&3&4\\ 3&7&6&9\end{bmatrix}$,5,2,3
12172fa7-1f88-410a-b13d-44ca00ee2b75,8e1cb682-c2c6-4c12-bf0b-a22d7f61558b,8-1-(2),6,1,5,2,final_check,行列演算と逆行列,"$A=\begin{bmatrix}a&b\\ c&d\end{bmatrix}, \tilde{A}=\begin{bmatrix}d&-b\\ -c&a\end{bmatrix}, B=\begin{bmatrix}e&f\\ g&h\end{bmatrix}$ とする。",$A\tilde{A}$ を計算せよ。,5,3,2
6cf3d3b2-0dfb-4dfe-8dcf-82412083d89f,8e1cb682-c2c6-4c12-bf0b-a22d7f61558b,4-Rep-2,6,1,4,4,final_check,行列演算と逆行列,次の行列の階数を求めよ。($a$ の値に応じて場合分けせよ),$\begin{bmatrix}a&2a+2&5\\ a+3&a^2&2\\ -1&1&1\end{bmatrix}$,5,0,5
4c6a4183-d3b4-4abf-8dc4-c9487669c117,1c6b12f7-f8d9-4109-bf87-09b3975f7829,2-6-(2),3,3,4,5,final_check,行列演算と逆行列,2次正則行列の逆行列の公式を用いて、次の問いに答えよ。,"$A=\begin{bmatrix}5&-7\\ 2&-3\end{bmatrix}, B=\begin{bmatrix}1&-2\\ -3&4\end{bmatrix}$ のとき、$AX+2B=BA$ を満たす行列 $X$ を求めよ。",0,-1,1
32b84d49-dbda-4faf-bc12-bf4891e444c4,bd695d8a-ee24-4ad2-8cc1-4453f8a12f66,2-7-(1),1,5,1,6,final_check,行列演算と逆行列,"次を満たす2次正方行列 $P, Q_\theta, R_\theta$ を定めよ。","点 $(x,y)$ を $x$ 軸に関して対称移動した点を $(x',y')$ とするとき、2点の関係を $\begin{bmatrix}x'\\ y'\end{bmatrix}=P\begin{bmatrix}x\\ y\end{bmatrix}$ の形に書き表せ。",-4,-5,1
3099b104-f68a-4344-bdcb-e26c2b19e990,1c6b12f7-f8d9-4109-bf87-09b3975f7829,2-4-(1),3,3,4,3,final_check,行列演算と逆行列,"$A=\begin{bmatrix}2&-1&1\\ 1&0&-1\end{bmatrix}, B=\begin{bmatrix}-2&1&2\\ 2&3&1\end{bmatrix}, C=\begin{bmatrix}2&-1&0\\ -3&0&2\\ 0&1&4\end{bmatrix}$ のとき、次の行列を求めよ。",$2A-3B$,0,1,1
9b2c4157-bb13-4551-a741-fd1e3e5925a7,bd695d8a-ee24-4ad2-8cc1-4453f8a12f66,2-7-(2),1,5,3,5,final_check,行列演算と逆行列,"次を満たす2次正方行列 $P, Q_\theta, R_\theta$ を定めよ。","点 $(x,y)$ を原点の周りに角 $\theta$ だけ回転移動した点を $(x',y')$ とするとき、2点の関係を $\begin{bmatrix}x'\\ y'\end{bmatrix}=Q_\theta\begin{bmatrix}x\\ y\end{bmatrix}$ の形に書き表せ。",-4,-2,2
970ea7c5-cf13-46e8-bec2-f80a4a52f509,8e1cb682-c2c6-4c12-bf0b-a22d7f61558b,8-2-(1),6,1,6,2,final_check,行列演算と逆行列,以下の行列が正則かどうか調べよ。さらに、正則であれば逆行列を求めよ。,$\begin{bmatrix}e^x&-1\\ 0&e^y\end{bmatrix}$,5,4,1
d51d7c0d-d408-437f-ad6b-7fa439b68351,8e1cb682-c2c6-4c12-bf0b-a22d7f61558b,2-4-(1),6,1,6,1,final_check,行列演算と逆行列,"$A=\begin{bmatrix}2&-1&1\\ 1&0&-1\end{bmatrix}, B=\begin{bmatrix}-2&1&2\\ 2&3&1\end{bmatrix}, C=\begin{bmatrix}2&-1&0\\ -3&0&2\\ 0&1&4\end{bmatrix}$ のとき、次の行列を求めよ。",$2A-3B$,5,5,0
eede37b0-c198-435d-a628-c3607a1e154a,8e1cb682-c2c6-4c12-bf0b-a22d7f61558b,2-4-(2),5,2,6,2,final_check,行列演算と逆行列,"$A=\begin{bmatrix}2&-1&1\\ 1&0&-1\end{bmatrix}, B=\begin{bmatrix}-2&1&2\\ 2&3&1\end{bmatrix}, C=\begin{bmatrix}2&-1&0\\ -3&0&2\\ 0&1&4\end{bmatrix}$ のとき、次の行列を求めよ。",$2X+3A=B$ を満たす行列 $X$,3,4,1
eb5ae988-77d8-4b5b-8e4e-4a8c5190df99,8e1cb682-c2c6-4c12-bf0b-a22d7f61558b,2-4-(3),5,1,6,2,final_check,行列演算と逆行列,"$A=\begin{bmatrix}2&-1&1\\ 1&0&-1\end{bmatrix}, B=\begin{bmatrix}-2&1&2\\ 2&3&1\end{bmatrix}, C=\begin{bmatrix}2&-1&0\\ -3&0&2\\ 0&1&4\end{bmatrix}$ のとき、次の行列を求めよ。",$BC$,4,4,0
3d01ce92-65b6-420f-b518-f85f2d5088ef,8e1cb682-c2c6-4c12-bf0b-a22d7f61558b,2-4-(4),5,2,5,3,final_check,行列演算と逆行列,"$A=\begin{bmatrix}2&-1&1\\ 1&0&-1\end{bmatrix}, B=\begin{bmatrix}-2&1&2\\ 2&3&1\end{bmatrix}, C=\begin{bmatrix}2&-1&0\\ -3&0&2\\ 0&1&4\end{bmatrix}$ のとき、次の行列を求めよ。",$A C^t B^t$,3,2,1
fde87115-a9b7-4b7e-992d-717431b30bfe,8e1cb682-c2c6-4c12-bf0b-a22d7f61558b,2-6-(1),6,3,6,1,final_check,行列演算と逆行列,2次正則行列の逆行列の公式を用いて、次の問いに答えよ。,次の行列の逆行列を求めよ。\n$\begin{bmatrix}\cos\theta&\sin\theta\\ \sin\theta&-\cos\theta\end{bmatrix}$,3,5,2
f09b0f0c-df64-41ba-990d-a4355dc9cb81,8e1cb682-c2c6-4c12-bf0b-a22d7f61558b,2-7-(1),4,4,5,2,final_check,行列演算と逆行列,"次を満たす2次正方行列 $P, Q_\theta, R_\theta$ を定めよ。","点 $(x,y)$ を $x$ 軸に関して対称移動した点を $(x',y')$ とするとき、2点の関係を $\begin{bmatrix}x'\\ y'\end{bmatrix}=P\begin{bmatrix}x\\ y\end{bmatrix}$ の形に書き表せ。",0,3,3
5f607c14-7332-4937-ae9d-2bb093d738cb,8e1cb682-c2c6-4c12-bf0b-a22d7f61558b,8-2-(2),6,1,6,2,final_check,行列演算と逆行列,以下の行列が正則かどうか調べよ。さらに、正則であれば逆行列を求めよ。,$\begin{bmatrix}\lambda&-1\\ 1&\lambda-2\end{bmatrix}$,5,4,1
8c7f7c48-7e8b-40bf-94d6-0ba149aad4ee,8e1cb682-c2c6-4c12-bf0b-a22d7f61558b,8-2-(3),5,2,5,3,final_check,行列演算と逆行列,以下の行列が正則かどうか調べよ。さらに、正則であれば逆行列を求めよ。,$\begin{bmatrix}2&1&3\\ 3&2&5\\ 1&2&3\end{bmatrix}$,3,2,1
d003235b-2cc9-451e-a82d-12e310813999,8e1cb682-c2c6-4c12-bf0b-a22d7f61558b,8-2-(4),6,2,5,3,final_check,行列演算と逆行列,以下の行列が正則かどうか調べよ。さらに、正則であれば逆行列を求めよ。,$\begin{bmatrix}1&1&-2\\ 3&2&-4\\ -2&0&2\end{bmatrix}$,4,2,2
7a82fa26-1da8-4584-b124-8331729be4a0,8e1cb682-c2c6-4c12-bf0b-a22d7f61558b,8-4-(1),5,2,5,3,final_check,行列演算と逆行列,"$A=\begin{bmatrix}1&1&0\\ 2&3&-2\\ 3&4&-3\end{bmatrix}, B=\begin{bmatrix}0&-1&2\\ 1&0&-3\\ -2&3&0\end{bmatrix}$ に対して以下の問いに答えよ。",$AX=B$ を満たす3次正方行列 $X$ を求めよ。,3,2,1
078abf7b-a1b9-475b-b0e6-1b073e5beda5,8e1cb682-c2c6-4c12-bf0b-a22d7f61558b,8-4-(2),6,1,5,3,final_check,行列演算と逆行列,"$A=\begin{bmatrix}1&1&0\\ 2&3&-2\\ 3&4&-3\end{bmatrix}, B=\begin{bmatrix}0&-1&2\\ 1&0&-3\\ -2&3&0\end{bmatrix}$ に対して以下の問いに答えよ。",$YA=B$ を満たす3次正方行列 $Y$ を求めよ。,5,2,3
42e4a1d5-8e0c-4d45-9045-61f86f2fd71b,8e1cb682-c2c6-4c12-bf0b-a22d7f61558b,8-6-(1),5,3,6,2,final_check,行列演算と逆行列,正方行列 $A$ が $^tAA=E$ を満たすとき $A$ を直交行列という。以下の行列について答えよ。,$P=\begin{bmatrix}\cos\theta&-\sin\theta\\ \sin\theta&\cos\theta\end{bmatrix}$ は直交行列であることを示せ。さらに、$P$ の逆行列を求めよ。,2,4,2
cfbd7dfe-60ee-4598-b747-ed54dcac82c3,8e1cb682-c2c6-4c12-bf0b-a22d7f61558b,8-6-(3),5,3,4,4,final_check,行列演算と逆行列,正方行列 $A$ が $^tAA=E$ を満たすとき $A$ を直交行列という。以下の行列について答えよ。,問5(3)の行列を $R$ とする。$r\sin\theta \neq 0$ のとき、$R$ の逆行列を求めよ。,2,0,2
48bfbca9-90ff-4acf-81af-999d55867241,8e1cb682-c2c6-4c12-bf0b-a22d7f61558b,8-Rep-1-(ii),6,1,5,3,final_check,行列演算と逆行列,$A=\begin{bmatrix}2&k&4\\ 1&1&-1\\ 4&2&1\end{bmatrix}$ とする。,$k=-1$ のとき、$A$ の逆行列 $A^{-1}$ を求めよ。,5,2,3
defccb52-cc20-4fbc-9bb3-d163befd7a3c,8e1cb682-c2c6-4c12-bf0b-a22d7f61558b,10-6-(1),6,1,5,3,final_check,行列演算と逆行列,次の行列 $A$ の余因子行列 $\tilde{A}$ を求め、さらに $A$ が正則である場合には $A^{-1}$ を求めよ。\n$A=\begin{bmatrix}0&1&1\\ 1&0&1\\ 1&1&0\end{bmatrix}$,$\tilde{A}$ を求めよ。また $A^{-1}$ を求めよ。,5,2,3
611c0345-0d8b-4435-9b08-7c19a20c08ae,8e1cb682-c2c6-4c12-bf0b-a22d7f61558b,10-Rep-1-(ii),6,1,4,4,final_check,行列演算と逆行列,"次の2つの行列 $A, B$ を考える。\n$A=\begin{bmatrix}1&0&-1&1\\ 2&1&0&1\\ 1&1&-1&0\\ 0&3&2&1\end{bmatrix}, B=\begin{bmatrix}4&-4&-3&9\\ 3&-1&-4&5\\ 8&5&-8&-9\\ 3&0&4&8\end{bmatrix}$","$A$ の余因子行列の $(4,1)$ 成分を求めよ。さらにそれを用いて、$A^{-1}$ の $(4,1)$ 成分を求めよ。",5,0,5
dad48d79-e2c4-4ddb-b7e9-b14e8e0ba5b0,8e1cb682-c2c6-4c12-bf0b-a22d7f61558b,6-(14),6,1,5,4,final_check,行列演算と逆行列,"$A=\begin{bmatrix}1&-2\\ -2&3\end{bmatrix}, B=\begin{bmatrix}1&-2\\ 1&-1\end{bmatrix}, M=\begin{bmatrix}A&B\end{bmatrix}$ について、次の問いに答えよ。",$AXA=B$ を満たす行列 $X$ を求めよ。,5,1,4
bdbc7948-0c4e-442d-8861-d1173a7809c4,8e1cb682-c2c6-4c12-bf0b-a22d7f61558b,6-(12),6,1,5,3,final_check,行列演算と逆行列,行列 $\begin{bmatrix}2&1&1\\ 1&-2&0\\ 1&2&1\end{bmatrix}$ について、次の問いに答えよ。,逆行列の第3列ベクトルを求めよ。,5,2,3
e1648cbc-d601-4f16-bf5e-2cab6b51886c,8e1cb682-c2c6-4c12-bf0b-a22d7f61558b,8-(18),6,1,5,3,final_check,行列演算と逆行列,行列 $A=\begin{bmatrix}1&3&1\\ 2&5&2\\ 3&4&0\end{bmatrix}$ について、$\tilde{A}$ をその余因子行列とする。,$\tilde{A}$ の第3列ベクトルを求めよ。,5,2,3
c6486d47-b294-4143-b246-7f9ce7f1b2ee,8e1cb682-c2c6-4c12-bf0b-a22d7f61558b,8-(19),6,1,5,2,final_check,行列演算と逆行列,行列 $A=\begin{bmatrix}1&3&1\\ 2&5&2\\ 3&4&0\end{bmatrix}$ について、$\tilde{A}$ をその余因子行列とする。,$A\tilde{A}$ を求めよ。,5,3,2
276e9aa1-c772-4e4a-b1cd-382d604cf4d7,bd695d8a-ee24-4ad2-8cc1-4453f8a12f66,2-7-(3),1,6,4,4,final_check,行列演算と逆行列,"次を満たす2次正方行列 $P, Q_\theta, R_\theta$ を定めよ。","原点の周りに角 $\theta$ だけ回転移動した直線を $l_\theta$ とする。点 $(x,y)$ を $l_\theta$ に関して対称移動した点を $(x',y')$ とするとき、2点の関係を $\begin{bmatrix}x'\\ y'\end{bmatrix}=R_\theta\begin{bmatrix}x\\ y\end{bmatrix}$ の形に書き表せ。",-5,0,5
3542f956-2cc0-4018-b3e7-70e3b223c78a,bd695d8a-ee24-4ad2-8cc1-4453f8a12f66,8-2-(2),1,2,3,3,final_check,行列演算と逆行列,以下の行列が正則かどうか調べよ。さらに、正則であれば逆行列を求めよ。,$\begin{bmatrix}\lambda&-1\\ 1&\lambda-2\end{bmatrix}$,-1,0,1
f7641088-f17c-44f5-bdd2-e93b7e4e2957,bd695d8a-ee24-4ad2-8cc1-4453f8a12f66,8-Rep-1-(ii),1,1,3,3,final_check,行列演算と逆行列,$A=\begin{bmatrix}2&k&4\\ 1&1&-1\\ 4&2&1\end{bmatrix}$ とする。,$k=-1$ のとき、$A$ の逆行列 $A^{-1}$ を求めよ。,0,0,0
847a9e0f-615a-48ad-af85-aab1e3708acd,39d420e8-a543-441b-b5c0-ad75fe6c34e5,2-7-(2),5,3,5,2,final_check,行列演算と逆行列,"次を満たす2次正方行列 $P, Q_\theta, R_\theta$ を定めよ。","点 $(x,y)$ を原点の周りに角 $\theta$ だけ回転移動した点を $(x',y')$ とするとき、2点の関係を $\begin{bmatrix}x'\\ y'\end{bmatrix}=Q_\theta\begin{bmatrix}x\\ y\end{bmatrix}$ の形に書き表せ。",2,3,1
22bb85eb-e242-4766-9500-7a20b3f0a108,39d420e8-a543-441b-b5c0-ad75fe6c34e5,2-Rep-2,5,2,6,2,final_check,行列演算と逆行列,"$X=\begin{bmatrix}1&1\\ -1&1\\ 2&1\end{bmatrix}, Y=\begin{bmatrix}-1&2\\ 1&-1\end{bmatrix}$ とする。","$XY, YX, XY'X, Y'XY, XYX$ のうちで積が定義されているものをすべて挙げ、それぞれ積を求めよ。",3,4,1
e5897d6b-6f3c-4541-9b86-23d776a2ef16,39d420e8-a543-441b-b5c0-ad75fe6c34e5,4-1-(1),6,1,5,2,final_check,行列演算と逆行列,次の行列に行基本変形を行い、簡約行列に変形せよ。,$\begin{bmatrix}0&-1&2\\ 1&0&-1\\ 0&0&0\end{bmatrix}$,5,3,2
af8b1062-82ea-419a-a0d5-7177df32508e,39d420e8-a543-441b-b5c0-ad75fe6c34e5,4-1-(2),6,1,5,2,final_check,行列演算と逆行列,次の行列に行基本変形を行い、簡約行列に変形せよ。,$\begin{bmatrix}0&0\\ -2&3\end{bmatrix}$,5,3,2
73a76873-f182-471d-8531-ff4660ca344b,39d420e8-a543-441b-b5c0-ad75fe6c34e5,4-3-(2),6,1,5,3,final_check,行列演算と逆行列,次の行列を何回かの行基本変形で簡約行列に変形し、階数（rank）を求めよ。,$\begin{bmatrix}0&-1&3&6\\ 2&5&3&4\\ 3&7&6&9\end{bmatrix}$,5,2,3
b781a81d-4c57-4669-a512-331636cec374,39d420e8-a543-441b-b5c0-ad75fe6c34e5,8-1-(2),5,2,4,3,final_check,行列演算と逆行列,"$A=\begin{bmatrix}a&b\\ c&d\end{bmatrix}, \tilde{A}=\begin{bmatrix}d&-b\\ -c&a\end{bmatrix}, B=\begin{bmatrix}e&f\\ g&h\end{bmatrix}$ とする。",$A\tilde{A}$ を計算せよ。,3,1,2
e1e394ff-6873-473f-b570-b2aac6f77d07,39d420e8-a543-441b-b5c0-ad75fe6c34e5,8-1-(5),3,4,3,5,final_check,行列演算と逆行列,"$A=\begin{bmatrix}a&b\\ c&d\end{bmatrix}, \tilde{A}=\begin{bmatrix}d&-b\\ -c&a\end{bmatrix}, B=\begin{bmatrix}e&f\\ g&h\end{bmatrix}$ とする。",$|A|\neq 0$ と $A$ が正則であることは同値であることを示せ。,-1,-2,1
46fdecab-1a6d-4779-a479-e5c38ee732aa,39d420e8-a543-441b-b5c0-ad75fe6c34e5,8-2-(1),6,2,4,3,final_check,行列演算と逆行列,以下の行列が正則かどうか調べよ。さらに、正則であれば逆行列を求めよ。,$\begin{bmatrix}e^x&-1\\ 0&e^y\end{bmatrix}$,4,1,3
a75b42a3-9803-4ed9-86cb-3a9ebb7a3dcc,39d420e8-a543-441b-b5c0-ad75fe6c34e5,2-4-(1),6,1,6,1,final_check,行列演算と逆行列,"$A=\begin{bmatrix}2&-1&1\\ 1&0&-1\end{bmatrix}, B=\begin{bmatrix}-2&1&2\\ 2&3&1\end{bmatrix}, C=\begin{bmatrix}2&-1&0\\ -3&0&2\\ 0&1&4\end{bmatrix}$ のとき、次の行列を求めよ。",$2A-3B$,5,5,0
0ff5d2b7-e59a-4ec1-b5a1-3c5fc6691025,39d420e8-a543-441b-b5c0-ad75fe6c34e5,2-4-(2),6,1,6,2,final_check,行列演算と逆行列,"$A=\begin{bmatrix}2&-1&1\\ 1&0&-1\end{bmatrix}, B=\begin{bmatrix}-2&1&2\\ 2&3&1\end{bmatrix}, C=\begin{bmatrix}2&-1&0\\ -3&0&2\\ 0&1&4\end{bmatrix}$ のとき、次の行列を求めよ。",$2X+3A=B$ を満たす行列 $X$,5,4,1
9136663b-81e9-48fd-a609-bfc7ed1e9b18,39d420e8-a543-441b-b5c0-ad75fe6c34e5,2-4-(3),6,1,6,2,final_check,行列演算と逆行列,"$A=\begin{bmatrix}2&-1&1\\ 1&0&-1\end{bmatrix}, B=\begin{bmatrix}-2&1&2\\ 2&3&1\end{bmatrix}, C=\begin{bmatrix}2&-1&0\\ -3&0&2\\ 0&1&4\end{bmatrix}$ のとき、次の行列を求めよ。",$BC$,5,4,1
eaef2bfc-0bc9-4a40-80c6-316ae9c35ea1,39d420e8-a543-441b-b5c0-ad75fe6c34e5,2-4-(4),3,3,5,2,final_check,行列演算と逆行列,"$A=\begin{bmatrix}2&-1&1\\ 1&0&-1\end{bmatrix}, B=\begin{bmatrix}-2&1&2\\ 2&3&1\end{bmatrix}, C=\begin{bmatrix}2&-1&0\\ -3&0&2\\ 0&1&4\end{bmatrix}$ のとき、次の行列を求めよ。",$A C^t B^t$,0,3,3
b99b6ace-d7b1-475b-ab68-d670279c047d,39d420e8-a543-441b-b5c0-ad75fe6c34e5,2-7-(1),5,2,6,1,final_check,行列演算と逆行列,"次を満たす2次正方行列 $P, Q_\theta, R_\theta$ を定めよ。","点 $(x,y)$ を $x$ 軸に関して対称移動した点を $(x',y')$ とするとき、2点の関係を $\begin{bmatrix}x'\\ y'\end{bmatrix}=P\begin{bmatrix}x\\ y\end{bmatrix}$ の形に書き表せ。",3,5,2
79ce39b8-806a-426c-bf41-d3725febfca7,39d420e8-a543-441b-b5c0-ad75fe6c34e5,8-2-(4),6,1,5,3,final_check,行列演算と逆行列,以下の行列が正則かどうか調べよ。さらに、正則であれば逆行列を求めよ。,$\begin{bmatrix}1&1&-2\\ 3&2&-4\\ -2&0&2\end{bmatrix}$,5,2,3
4e20cf00-7970-49a9-b486-394256680e41,39d420e8-a543-441b-b5c0-ad75fe6c34e5,8-4-(1),6,2,5,3,final_check,行列演算と逆行列,"$A=\begin{bmatrix}1&1&0\\ 2&3&-2\\ 3&4&-3\end{bmatrix}, B=\begin{bmatrix}0&-1&2\\ 1&0&-3\\ -2&3&0\end{bmatrix}$ に対して以下の問いに答えよ。",$AX=B$ を満たす3次正方行列 $X$ を求めよ。,4,2,2
74a821dd-f8f4-404f-9a60-220775fff9c1,39d420e8-a543-441b-b5c0-ad75fe6c34e5,8-4-(2),5,2,5,3,final_check,行列演算と逆行列,"$A=\begin{bmatrix}1&1&0\\ 2&3&-2\\ 3&4&-3\end{bmatrix}, B=\begin{bmatrix}0&-1&2\\ 1&0&-3\\ -2&3&0\end{bmatrix}$ に対して以下の問いに答えよ。",$YA=B$ を満たす3次正方行列 $Y$ を求めよ。,3,2,1
19db3a35-b4dd-4840-96a7-f6fb3ecbff4e,39d420e8-a543-441b-b5c0-ad75fe6c34e5,8-6-(1),3,3,5,2,final_check,行列演算と逆行列,正方行列 $A$ が $^tAA=E$ を満たすとき $A$ を直交行列という。以下の行列について答えよ。,$P=\begin{bmatrix}\cos\theta&-\sin\theta\\ \sin\theta&\cos\theta\end{bmatrix}$ は直交行列であることを示せ。さらに、$P$ の逆行列を求めよ。,0,3,3
265ab622-2656-43b6-9bb8-9c1415f11e1b,39d420e8-a543-441b-b5c0-ad75fe6c34e5,8-6-(2),3,3,3,5,final_check,行列演算と逆行列,正方行列 $A$ が $^tAA=E$ を満たすとき $A$ を直交行列という。以下の行列について答えよ。,$Q=\begin{bmatrix}\sin\theta\cos\varphi&\cos\theta\cos\varphi&-\sin\varphi\\ \sin\theta\sin\varphi&\cos\theta\sin\varphi&\cos\varphi\\ \cos\theta&-\sin\theta&0\end{bmatrix}$ は直交行列であることを示せ。さらに、$Q$ の逆行列を求めよ。,0,-2,2
36166a47-2b94-4a9b-aefa-cbfca998875b,39d420e8-a543-441b-b5c0-ad75fe6c34e5,8-6-(3),5,3,3,4,final_check,行列演算と逆行列,正方行列 $A$ が $^tAA=E$ を満たすとき $A$ を直交行列という。以下の行列について答えよ。,問5(3)の行列を $R$ とする。$r\sin\theta \neq 0$ のとき、$R$ の逆行列を求めよ。,2,-1,3
1c55b107-6163-4a25-a5bb-ee36ef1d7f5c,39d420e8-a543-441b-b5c0-ad75fe6c34e5,8-Rep-1-(ii),6,1,5,3,final_check,行列演算と逆行列,$A=\begin{bmatrix}2&k&4\\ 1&1&-1\\ 4&2&1\end{bmatrix}$ とする。,$k=-1$ のとき、$A$ の逆行列 $A^{-1}$ を求めよ。,5,2,3
830ad889-c602-4b88-aa2f-77b3d3fb6aa2,39d420e8-a543-441b-b5c0-ad75fe6c34e5,10-6-(1),3,4,2,5,final_check,行列演算と逆行列,次の行列 $A$ の余因子行列 $\tilde{A}$ を求め、さらに $A$ が正則である場合には $A^{-1}$ を求めよ。\n$A=\begin{bmatrix}0&1&1\\ 1&0&1\\ 1&1&0\end{bmatrix}$,$\tilde{A}$ を求めよ。また $A^{-1}$ を求めよ。,-1,-3,2
a1f77393-5779-4eda-8517-873ae04dc01c,39d420e8-a543-441b-b5c0-ad75fe6c34e5,10-Rep-1-(ii),3,3,2,6,final_check,行列演算と逆行列,"次の2つの行列 $A, B$ を考える。\n$A=\begin{bmatrix}1&0&-1&1\\ 2&1&0&1\\ 1&1&-1&0\\ 0&3&2&1\end{bmatrix}, B=\begin{bmatrix}4&-4&-3&9\\ 3&-1&-4&5\\ 8&5&-8&-9\\ 3&0&4&8\end{bmatrix}$","$A$ の余因子行列の $(4,1)$ 成分を求めよ。さらにそれを用いて、$A^{-1}$ の $(4,1)$ 成分を求めよ。",0,-4,4
65e6700a-a618-4bf5-afb1-4cdb536a576e,39d420e8-a543-441b-b5c0-ad75fe6c34e5,6-(14),6,2,4,4,final_check,行列演算と逆行列,"$A=\begin{bmatrix}1&-2\\ -2&3\end{bmatrix}, B=\begin{bmatrix}1&-2\\ 1&-1\end{bmatrix}, M=\begin{bmatrix}A&B\end{bmatrix}$ について、次の問いに答えよ。",$AXA=B$ を満たす行列 $X$ を求めよ。,4,0,4
8fad618e-2659-4b7b-9877-b414ee3f3bf7,39d420e8-a543-441b-b5c0-ad75fe6c34e5,6-(12),5,1,4,3,final_check,行列演算と逆行列,行列 $\begin{bmatrix}2&1&1\\ 1&-2&0\\ 1&2&1\end{bmatrix}$ について、次の問いに答えよ。,逆行列の第3列ベクトルを求めよ。,4,1,3
c7c2309f-28a6-43c6-94c8-e980ef00a7b8,39d420e8-a543-441b-b5c0-ad75fe6c34e5,8-(18),3,3,3,4,final_check,行列演算と逆行列,行列 $A=\begin{bmatrix}1&3&1\\ 2&5&2\\ 3&4&0\end{bmatrix}$ について、$\tilde{A}$ をその余因子行列とする。,$\tilde{A}$ の第3列ベクトルを求めよ。,0,-1,1
ef801c38-9f21-4a9e-88d4-b8e8451de46e,39d420e8-a543-441b-b5c0-ad75fe6c34e5,8-(19),3,3,3,4,final_check,行列演算と逆行列,行列 $A=\begin{bmatrix}1&3&1\\ 2&5&2\\ 3&4&0\end{bmatrix}$ について、$\tilde{A}$ をその余因子行列とする。,$A\tilde{A}$ を求めよ。,0,-1,1
5de8b9fb-5c56-4da6-9292-d49196bd09f6,8e1cb682-c2c6-4c12-bf0b-a22d7f61558b,8-2-(5),6,2,4,4,final_check,行列演算と逆行列,以下の行列が正則かどうか調べよ。さらに、正則であれば逆行列を求めよ。,$\begin{bmatrix}0&0&1&0\\ 0&-1&0&0\\ -1&0&2&0\\ 0&1&-1&1\end{bmatrix}$,4,0,4
64c8109a-b695-4557-a06f-0de89716f8a8,8e1cb682-c2c6-4c12-bf0b-a22d7f61558b,8-6-(2),4,4,4,4,final_check,行列演算と逆行列,正方行列 $A$ が $^tAA=E$ を満たすとき $A$ を直交行列という。以下の行列について答えよ。,$Q=\begin{bmatrix}\sin\theta\cos\varphi&\cos\theta\cos\varphi&-\sin\varphi\\ \sin\theta\sin\varphi&\cos\theta\sin\varphi&\cos\varphi\\ \cos\theta&-\sin\theta&0\end{bmatrix}$ は直交行列であることを示せ。さらに、$Q$ の逆行列を求めよ。,0,0,0
ac285877-37de-4660-833f-f23aacff350a,39d420e8-a543-441b-b5c0-ad75fe6c34e5,2-7-(3),5,3,4,4,final_check,行列演算と逆行列,"次を満たす2次正方行列 $P, Q_\theta, R_\theta$ を定めよ。","原点の周りに角 $\theta$ だけ回転移動した直線を $l_\theta$ とする。点 $(x,y)$ を $l_\theta$ に関して対称移動した点を $(x',y')$ とするとき、2点の関係を $\begin{bmatrix}x'\\ y'\end{bmatrix}=R_\theta\begin{bmatrix}x\\ y\end{bmatrix}$ の形に書き表せ。",2,0,2
101e2ceb-b419-4134-8397-8cb76d208263,39d420e8-a543-441b-b5c0-ad75fe6c34e5,2-6-(2),6,1,4,4,final_check,行列演算と逆行列,2次正則行列の逆行列の公式を用いて、次の問いに答えよ。,"$A=\begin{bmatrix}5&-7\\ 2&-3\end{bmatrix}, B=\begin{bmatrix}1&-2\\ -3&4\end{bmatrix}$ のとき、$AX+2B=BA$ を満たす行列 $X$ を求めよ。",5,0,5
09a988a3-e70e-4fed-86e0-7103080a2f5d,39d420e8-a543-441b-b5c0-ad75fe6c34e5,8-2-(5),6,1,4,4,final_check,行列演算と逆行列,以下の行列が正則かどうか調べよ。さらに、正則であれば逆行列を求めよ。,$\begin{bmatrix}0&0&1&0\\ 0&-1&0&0\\ -1&0&2&0\\ 0&1&-1&1\end{bmatrix}$,5,0,5
23c23d86-90c1-4437-a0cd-5e81ae4bbac4,9cd4a594-1779-451b-8b03-3a22a4d73bf1,2-7-(2),5,2,5,2,final_check,行列演算と逆行列,"次を満たす2次正方行列 $P, Q_\theta, R_\theta$ を定めよ。","点 $(x,y)$ を原点の周りに角 $\theta$ だけ回転移動した点を $(x',y')$ とするとき、2点の関係を $\begin{bmatrix}x'\\ y'\end{bmatrix}=Q_\theta\begin{bmatrix}x\\ y\end{bmatrix}$ の形に書き表せ。",3,3,0
34658148-0ec7-45cf-ae45-03e0dcaff6d3,9cd4a594-1779-451b-8b03-3a22a4d73bf1,2-7-(3),4,2,4,3,final_check,行列演算と逆行列,"次を満たす2次正方行列 $P, Q_\theta, R_\theta$ を定めよ。","原点の周りに角 $\theta$ だけ回転移動した直線を $l_\theta$ とする。点 $(x,y)$ を $l_\theta$ に関して対称移動した点を $(x',y')$ とするとき、2点の関係を $\begin{bmatrix}x'\\ y'\end{bmatrix}=R_\theta\begin{bmatrix}x\\ y\end{bmatrix}$ の形に書き表せ。",2,1,1
3b575e7d-9b20-4630-aff7-54186bec5c00,9cd4a594-1779-451b-8b03-3a22a4d73bf1,2-Rep-2,5,1,6,1,final_check,行列演算と逆行列,"$X=\begin{bmatrix}1&1\\ -1&1\\ 2&1\end{bmatrix}, Y=\begin{bmatrix}-1&2\\ 1&-1\end{bmatrix}$ とする。","$XY, YX, XY'X, Y'XY, XYX$ のうちで積が定義されているものをすべて挙げ、それぞれ積を求めよ。",4,5,1
3cc4353e-3d40-40f7-8dc6-1ca795d2a05a,9cd4a594-1779-451b-8b03-3a22a4d73bf1,4-1-(1),6,1,6,1,final_check,行列演算と逆行列,次の行列に行基本変形を行い、簡約行列に変形せよ。,$\begin{bmatrix}0&-1&2\\ 1&0&-1\\ 0&0&0\end{bmatrix}$,5,5,0
102a9707-44fd-47e0-b005-1e9d0cc9e72a,9cd4a594-1779-451b-8b03-3a22a4d73bf1,4-1-(2),6,1,6,1,final_check,行列演算と逆行列,次の行列に行基本変形を行い、簡約行列に変形せよ。,$\begin{bmatrix}0&0\\ -2&3\end{bmatrix}$,5,5,0
694ee34d-b726-40b4-92fc-641649fc5211,9cd4a594-1779-451b-8b03-3a22a4d73bf1,4-3-(2),5,2,6,1,final_check,行列演算と逆行列,次の行列を何回かの行基本変形で簡約行列に変形し、階数（rank）を求めよ。,$\begin{bmatrix}0&-1&3&6\\ 2&5&3&4\\ 3&7&6&9\end{bmatrix}$,3,5,2
dedc3444-ec0f-476f-a141-758ba7e45984,9cd4a594-1779-451b-8b03-3a22a4d73bf1,8-1-(2),5,2,5,2,final_check,行列演算と逆行列,"$A=\begin{bmatrix}a&b\\ c&d\end{bmatrix}, \tilde{A}=\begin{bmatrix}d&-b\\ -c&a\end{bmatrix}, B=\begin{bmatrix}e&f\\ g&h\end{bmatrix}$ とする。",$A\tilde{A}$ を計算せよ。,3,3,0
6e4e1be2-566c-4b12-a14b-c5000c21f654,9cd4a594-1779-451b-8b03-3a22a4d73bf1,8-2-(1),6,1,5,2,final_check,行列演算と逆行列,以下の行列が正則かどうか調べよ。さらに、正則であれば逆行列を求めよ。,$\begin{bmatrix}e^x&-1\\ 0&e^y\end{bmatrix}$,5,3,2
912714e8-b6cb-4111-b689-8249aa875ec0,9cd4a594-1779-451b-8b03-3a22a4d73bf1,2-4-(1),6,1,6,1,final_check,行列演算と逆行列,"$A=\begin{bmatrix}2&-1&1\\ 1&0&-1\end{bmatrix}, B=\begin{bmatrix}-2&1&2\\ 2&3&1\end{bmatrix}, C=\begin{bmatrix}2&-1&0\\ -3&0&2\\ 0&1&4\end{bmatrix}$ のとき、次の行列を求めよ。",$2A-3B$,5,5,0
40caff3e-7590-47e0-9bb2-12c63066f3a6,9cd4a594-1779-451b-8b03-3a22a4d73bf1,2-4-(2),6,1,6,1,final_check,行列演算と逆行列,"$A=\begin{bmatrix}2&-1&1\\ 1&0&-1\end{bmatrix}, B=\begin{bmatrix}-2&1&2\\ 2&3&1\end{bmatrix}, C=\begin{bmatrix}2&-1&0\\ -3&0&2\\ 0&1&4\end{bmatrix}$ のとき、次の行列を求めよ。",$2X+3A=B$ を満たす行列 $X$,5,5,0
79439299-4585-4880-9686-35b1baf18ec2,9cd4a594-1779-451b-8b03-3a22a4d73bf1,2-4-(4),3,4,6,1,final_check,行列演算と逆行列,"$A=\begin{bmatrix}2&-1&1\\ 1&0&-1\end{bmatrix}, B=\begin{bmatrix}-2&1&2\\ 2&3&1\end{bmatrix}, C=\begin{bmatrix}2&-1&0\\ -3&0&2\\ 0&1&4\end{bmatrix}$ のとき、次の行列を求めよ。",$A C^t B^t$,-1,5,6
16e21c82-6679-4314-a91d-e4eb9259241e,9cd4a594-1779-451b-8b03-3a22a4d73bf1,2-6-(1),5,2,6,1,final_check,行列演算と逆行列,2次正則行列の逆行列の公式を用いて、次の問いに答えよ。,次の行列の逆行列を求めよ。\n$\begin{bmatrix}\cos\theta&\sin\theta\\ \sin\theta&-\cos\theta\end{bmatrix}$,3,5,2
399a19d0-14a4-421f-bab4-8d077e36dab7,9cd4a594-1779-451b-8b03-3a22a4d73bf1,2-7-(1),5,2,6,1,final_check,行列演算と逆行列,"次を満たす2次正方行列 $P, Q_\theta, R_\theta$ を定めよ。","点 $(x,y)$ を $x$ 軸に関して対称移動した点を $(x',y')$ とするとき、2点の関係を $\begin{bmatrix}x'\\ y'\end{bmatrix}=P\begin{bmatrix}x\\ y\end{bmatrix}$ の形に書き表せ。",3,5,2
cd1f83ed-1a2f-493a-a5f9-766b834a96e2,9cd4a594-1779-451b-8b03-3a22a4d73bf1,8-2-(3),5,1,6,2,final_check,行列演算と逆行列,以下の行列が正則かどうか調べよ。さらに、正則であれば逆行列を求めよ。,$\begin{bmatrix}2&1&3\\ 3&2&5\\ 1&2&3\end{bmatrix}$,4,4,0
92063d49-bccb-4e5a-a123-c245cb141ac9,9cd4a594-1779-451b-8b03-3a22a4d73bf1,8-2-(4),5,1,6,2,final_check,行列演算と逆行列,以下の行列が正則かどうか調べよ。さらに、正則であれば逆行列を求めよ。,$\begin{bmatrix}1&1&-2\\ 3&2&-4\\ -2&0&2\end{bmatrix}$,4,4,0
781a153b-5093-4819-a3ca-d7b36701f3cd,9cd4a594-1779-451b-8b03-3a22a4d73bf1,8-2-(5),6,1,5,3,final_check,行列演算と逆行列,以下の行列が正則かどうか調べよ。さらに、正則であれば逆行列を求めよ。,$\begin{bmatrix}0&0&1&0\\ 0&-1&0&0\\ -1&0&2&0\\ 0&1&-1&1\end{bmatrix}$,5,2,3
9a6fe72b-3dc0-4ad7-b239-0db0e688b154,9cd4a594-1779-451b-8b03-3a22a4d73bf1,8-4-(1),5,2,5,2,final_check,行列演算と逆行列,"$A=\begin{bmatrix}1&1&0\\ 2&3&-2\\ 3&4&-3\end{bmatrix}, B=\begin{bmatrix}0&-1&2\\ 1&0&-3\\ -2&3&0\end{bmatrix}$ に対して以下の問いに答えよ。",$AX=B$ を満たす3次正方行列 $X$ を求めよ。,3,3,0
9bdf0661-13dd-4607-8df4-4b78010d2273,9cd4a594-1779-451b-8b03-3a22a4d73bf1,8-4-(2),5,2,5,2,final_check,行列演算と逆行列,"$A=\begin{bmatrix}1&1&0\\ 2&3&-2\\ 3&4&-3\end{bmatrix}, B=\begin{bmatrix}0&-1&2\\ 1&0&-3\\ -2&3&0\end{bmatrix}$ に対して以下の問いに答えよ。",$YA=B$ を満たす3次正方行列 $Y$ を求めよ。,3,3,0
8a00520b-0ace-47de-9d3a-041ded8054cc,9cd4a594-1779-451b-8b03-3a22a4d73bf1,8-6-(1),5,3,5,2,final_check,行列演算と逆行列,正方行列 $A$ が $^tAA=E$ を満たすとき $A$ を直交行列という。以下の行列について答えよ。,$P=\begin{bmatrix}\cos\theta&-\sin\theta\\ \sin\theta&\cos\theta\end{bmatrix}$ は直交行列であることを示せ。さらに、$P$ の逆行列を求めよ。,2,3,1
c6bc4577-f816-4eb8-bfc1-5db3f04dcbae,9cd4a594-1779-451b-8b03-3a22a4d73bf1,8-6-(3),4,2,4,3,final_check,行列演算と逆行列,正方行列 $A$ が $^tAA=E$ を満たすとき $A$ を直交行列という。以下の行列について答えよ。,問5(3)の行列を $R$ とする。$r\sin\theta \neq 0$ のとき、$R$ の逆行列を求めよ。,2,1,1
19057849-9059-4e1d-996e-0398cfa55e03,9cd4a594-1779-451b-8b03-3a22a4d73bf1,8-Rep-1-(ii),5,2,6,2,final_check,行列演算と逆行列,$A=\begin{bmatrix}2&k&4\\ 1&1&-1\\ 4&2&1\end{bmatrix}$ とする。,$k=-1$ のとき、$A$ の逆行列 $A^{-1}$ を求めよ。,3,4,1
11638769-5503-4fca-a45c-e1558d5f579c,9cd4a594-1779-451b-8b03-3a22a4d73bf1,10-6-(1),4,3,6,2,final_check,行列演算と逆行列,次の行列 $A$ の余因子行列 $\tilde{A}$ を求め、さらに $A$ が正則である場合には $A^{-1}$ を求めよ。\n$A=\begin{bmatrix}0&1&1\\ 1&0&1\\ 1&1&0\end{bmatrix}$,$\tilde{A}$ を求めよ。また $A^{-1}$ を求めよ。,1,4,3
ab0a77a2-187a-4ca1-a968-8929d20d6148,9cd4a594-1779-451b-8b03-3a22a4d73bf1,10-Rep-1-(ii),3,3,5,2,final_check,行列演算と逆行列,"次の2つの行列 $A, B$ を考える。\n$A=\begin{bmatrix}1&0&-1&1\\ 2&1&0&1\\ 1&1&-1&0\\ 0&3&2&1\end{bmatrix}, B=\begin{bmatrix}4&-4&-3&9\\ 3&-1&-4&5\\ 8&5&-8&-9\\ 3&0&4&8\end{bmatrix}$","$A$ の余因子行列の $(4,1)$ 成分を求めよ。さらにそれを用いて、$A^{-1}$ の $(4,1)$ 成分を求めよ。",0,3,3
3bcb6253-3c28-44cf-9620-c81e19ca6b5a,9cd4a594-1779-451b-8b03-3a22a4d73bf1,6-(14),5,2,5,2,final_check,行列演算と逆行列,"$A=\begin{bmatrix}1&-2\\ -2&3\end{bmatrix}, B=\begin{bmatrix}1&-2\\ 1&-1\end{bmatrix}, M=\begin{bmatrix}A&B\end{bmatrix}$ について、次の問いに答えよ。",$AXA=B$ を満たす行列 $X$ を求めよ。,3,3,0
3bb8dc98-9c6c-4d42-947e-4d2a650b741e,9cd4a594-1779-451b-8b03-3a22a4d73bf1,6-(12),6,1,5,2,final_check,行列演算と逆行列,行列 $\begin{bmatrix}2&1&1\\ 1&-2&0\\ 1&2&1\end{bmatrix}$ について、次の問いに答えよ。,逆行列の第3列ベクトルを求めよ。,5,3,2
1641fa2d-b4ec-4f82-b4a9-8539c6747868,9cd4a594-1779-451b-8b03-3a22a4d73bf1,8-(18),4,3,5,2,final_check,行列演算と逆行列,行列 $A=\begin{bmatrix}1&3&1\\ 2&5&2\\ 3&4&0\end{bmatrix}$ について、$\tilde{A}$ をその余因子行列とする。,$\tilde{A}$ の第3列ベクトルを求めよ。,1,3,2
be7dc561-bccc-4bb9-bff3-86da36d685a8,9cd4a594-1779-451b-8b03-3a22a4d73bf1,8-(19),5,2,5,2,final_check,行列演算と逆行列,行列 $A=\begin{bmatrix}1&3&1\\ 2&5&2\\ 3&4&0\end{bmatrix}$ について、$\tilde{A}$ をその余因子行列とする。,$A\tilde{A}$ を求めよ。,3,3,0
f9f2dfc3-53ca-40df-a0ab-64b4e947d006,37b95611-9620-40f1-ac65-d6285650f8db,2-Rep-2,6,1,6,1,final_check,行列演算と逆行列,"$X=\begin{bmatrix}1&1\\ -1&1\\ 2&1\end{bmatrix}, Y=\begin{bmatrix}-1&2\\ 1&-1\end{bmatrix}$ とする。","$XY, YX, XY'X, Y'XY, XYX$ のうちで積が定義されているものをすべて挙げ、それぞれ積を求めよ。",5,5,0
aba75cae-a085-4ecb-b453-849a39d43c5b,37b95611-9620-40f1-ac65-d6285650f8db,4-1-(1),6,1,5,2,final_check,行列演算と逆行列,次の行列に行基本変形を行い、簡約行列に変形せよ。,$\begin{bmatrix}0&-1&2\\ 1&0&-1\\ 0&0&0\end{bmatrix}$,5,3,2
4df2e05b-7728-4a13-a82f-df052068cf3c,37b95611-9620-40f1-ac65-d6285650f8db,4-1-(2),6,1,6,1,final_check,行列演算と逆行列,次の行列に行基本変形を行い、簡約行列に変形せよ。,$\begin{bmatrix}0&0\\ -2&3\end{bmatrix}$,5,5,0
78b69a5f-32a7-43d5-be3b-87fba4ccadf7,37b95611-9620-40f1-ac65-d6285650f8db,4-3-(2),6,1,5,3,final_check,行列演算と逆行列,次の行列を何回かの行基本変形で簡約行列に変形し、階数（rank）を求めよ。,$\begin{bmatrix}0&-1&3&6\\ 2&5&3&4\\ 3&7&6&9\end{bmatrix}$,5,2,3
1b66a349-3858-4fe6-8326-28ce24fa16fd,37b95611-9620-40f1-ac65-d6285650f8db,8-1-(2),6,1,6,2,final_check,行列演算と逆行列,"$A=\begin{bmatrix}a&b\\ c&d\end{bmatrix}, \tilde{A}=\begin{bmatrix}d&-b\\ -c&a\end{bmatrix}, B=\begin{bmatrix}e&f\\ g&h\end{bmatrix}$ とする。",$A\tilde{A}$ を計算せよ。,5,4,1
8097bd20-6563-428f-af35-1d4b64efffdf,37b95611-9620-40f1-ac65-d6285650f8db,8-2-(1),6,1,6,2,final_check,行列演算と逆行列,以下の行列が正則かどうか調べよ。さらに、正則であれば逆行列を求めよ。,$\begin{bmatrix}e^x&-1\\ 0&e^y\end{bmatrix}$,5,4,1
2f3a4b2a-ad1c-461e-8c53-81c065f4d229,37b95611-9620-40f1-ac65-d6285650f8db,2-4-(1),6,1,6,1,final_check,行列演算と逆行列,"$A=\begin{bmatrix}2&-1&1\\ 1&0&-1\end{bmatrix}, B=\begin{bmatrix}-2&1&2\\ 2&3&1\end{bmatrix}, C=\begin{bmatrix}2&-1&0\\ -3&0&2\\ 0&1&4\end{bmatrix}$ のとき、次の行列を求めよ。",$2A-3B$,5,5,0
4cb3a625-dfdb-4606-8c01-fc61b43b72c5,37b95611-9620-40f1-ac65-d6285650f8db,2-4-(2),6,1,6,1,final_check,行列演算と逆行列,"$A=\begin{bmatrix}2&-1&1\\ 1&0&-1\end{bmatrix}, B=\begin{bmatrix}-2&1&2\\ 2&3&1\end{bmatrix}, C=\begin{bmatrix}2&-1&0\\ -3&0&2\\ 0&1&4\end{bmatrix}$ のとき、次の行列を求めよ。",$2X+3A=B$ を満たす行列 $X$,5,5,0
6a6c97e7-52ec-458c-8722-58b638af326e,37b95611-9620-40f1-ac65-d6285650f8db,2-4-(3),6,1,6,1,final_check,行列演算と逆行列,"$A=\begin{bmatrix}2&-1&1\\ 1&0&-1\end{bmatrix}, B=\begin{bmatrix}-2&1&2\\ 2&3&1\end{bmatrix}, C=\begin{bmatrix}2&-1&0\\ -3&0&2\\ 0&1&4\end{bmatrix}$ のとき、次の行列を求めよ。",$BC$,5,5,0
4deb08fa-e313-4f49-8169-5ef505f0943c,37b95611-9620-40f1-ac65-d6285650f8db,2-6-(1),6,1,6,1,final_check,行列演算と逆行列,2次正則行列の逆行列の公式を用いて、次の問いに答えよ。,次の行列の逆行列を求めよ。\n$\begin{bmatrix}\cos\theta&\sin\theta\\ \sin\theta&-\cos\theta\end{bmatrix}$,5,5,0
fc6e797e-5612-4300-be8b-f2e9ac38f41b,37b95611-9620-40f1-ac65-d6285650f8db,2-6-(2),6,2,5,3,final_check,行列演算と逆行列,2次正則行列の逆行列の公式を用いて、次の問いに答えよ。,"$A=\begin{bmatrix}5&-7\\ 2&-3\end{bmatrix}, B=\begin{bmatrix}1&-2\\ -3&4\end{bmatrix}$ のとき、$AX+2B=BA$ を満たす行列 $X$ を求めよ。",4,2,2
75e0bbf7-c989-4b24-90b1-e75fe115e743,37b95611-9620-40f1-ac65-d6285650f8db,8-2-(2),3,3,5,2,final_check,行列演算と逆行列,以下の行列が正則かどうか調べよ。さらに、正則であれば逆行列を求めよ。,$\begin{bmatrix}\lambda&-1\\ 1&\lambda-2\end{bmatrix}$,0,3,3
6459698b-d553-4c1c-8f23-20473546b068,37b95611-9620-40f1-ac65-d6285650f8db,8-2-(5),6,1,3,5,final_check,行列演算と逆行列,以下の行列が正則かどうか調べよ。さらに、正則であれば逆行列を求めよ。,$\begin{bmatrix}0&0&1&0\\ 0&-1&0&0\\ -1&0&2&0\\ 0&1&-1&1\end{bmatrix}$,5,-2,7
8c68930b-6a5f-4e3f-ac78-ecc1afd3be8c,37b95611-9620-40f1-ac65-d6285650f8db,8-6-(2),6,3,5,4,final_check,行列演算と逆行列,正方行列 $A$ が $^tAA=E$ を満たすとき $A$ を直交行列という。以下の行列について答えよ。,$Q=\begin{bmatrix}\sin\theta\cos\varphi&\cos\theta\cos\varphi&-\sin\varphi\\ \sin\theta\sin\varphi&\cos\theta\sin\varphi&\cos\varphi\\ \cos\theta&-\sin\theta&0\end{bmatrix}$ は直交行列であることを示せ。さらに、$Q$ の逆行列を求めよ。,3,1,2
14665e8f-b7e0-45fe-89e7-e893212131bb,37b95611-9620-40f1-ac65-d6285650f8db,8-6-(3),6,1,5,3,final_check,行列演算と逆行列,正方行列 $A$ が $^tAA=E$ を満たすとき $A$ を直交行列という。以下の行列について答えよ。,問5(3)の行列を $R$ とする。$r\sin\theta \neq 0$ のとき、$R$ の逆行列を求めよ。,5,2,3
83a1ea1a-3515-4459-ac96-159343272891,37b95611-9620-40f1-ac65-d6285650f8db,8-Rep-1-(ii),6,2,4,4,final_check,行列演算と逆行列,$A=\begin{bmatrix}2&k&4\\ 1&1&-1\\ 4&2&1\end{bmatrix}$ とする。,$k=-1$ のとき、$A$ の逆行列 $A^{-1}$ を求めよ。,4,0,4
c6f8b6e5-7051-4b52-bb79-c6b51bac594b,37b95611-9620-40f1-ac65-d6285650f8db,10-6-(1),6,3,3,5,final_check,行列演算と逆行列,次の行列 $A$ の余因子行列 $\tilde{A}$ を求め、さらに $A$ が正則である場合には $A^{-1}$ を求めよ。\n$A=\begin{bmatrix}0&1&1\\ 1&0&1\\ 1&1&0\end{bmatrix}$,$\tilde{A}$ を求めよ。また $A^{-1}$ を求めよ。,3,-2,5
a67e9cbf-0322-4b23-858f-eb7ea2ae183b,37b95611-9620-40f1-ac65-d6285650f8db,10-Rep-1-(ii),5,4,3,4,final_check,行列演算と逆行列,"次の2つの行列 $A, B$ を考える。\n$A=\begin{bmatrix}1&0&-1&1\\ 2&1&0&1\\ 1&1&-1&0\\ 0&3&2&1\end{bmatrix}, B=\begin{bmatrix}4&-4&-3&9\\ 3&-1&-4&5\\ 8&5&-8&-9\\ 3&0&4&8\end{bmatrix}$","$A$ の余因子行列の $(4,1)$ 成分を求めよ。さらにそれを用いて、$A^{-1}$ の $(4,1)$ 成分を求めよ。",1,-1,2
01b3ca83-d2c0-4c75-9846-443015e76d43,37b95611-9620-40f1-ac65-d6285650f8db,6-(14),6,3,5,3,final_check,行列演算と逆行列,"$A=\begin{bmatrix}1&-2\\ -2&3\end{bmatrix}, B=\begin{bmatrix}1&-2\\ 1&-1\end{bmatrix}, M=\begin{bmatrix}A&B\end{bmatrix}$ について、次の問いに答えよ。",$AXA=B$ を満たす行列 $X$ を求めよ。,3,2,1
a7ed0972-4773-4414-bbec-101dad69f14c,37b95611-9620-40f1-ac65-d6285650f8db,6-(12),5,2,4,4,final_check,行列演算と逆行列,行列 $\begin{bmatrix}2&1&1\\ 1&-2&0\\ 1&2&1\end{bmatrix}$ について、次の問いに答えよ。,逆行列の第3列ベクトルを求めよ。,3,0,3
6841ced3-68b1-4261-823e-9ebc6f13574b,37b95611-9620-40f1-ac65-d6285650f8db,8-(19),5,3,5,3,final_check,行列演算と逆行列,行列 $A=\begin{bmatrix}1&3&1\\ 2&5&2\\ 3&4&0\end{bmatrix}$ について、$\tilde{A}$ をその余因子行列とする。,$A\tilde{A}$ を求めよ。,2,2,0
c5ae2c50-2626-41d7-993d-a9a489063a18,e336552f-573e-4089-a583-a28b41582800,2-7-(2),3,4,4,3,final_check,行列演算と逆行列,"次を満たす2次正方行列 $P, Q_\theta, R_\theta$ を定めよ。","点 $(x,y)$ を原点の周りに角 $\theta$ だけ回転移動した点を $(x',y')$ とするとき、2点の関係を $\begin{bmatrix}x'\\ y'\end{bmatrix}=Q_\theta\begin{bmatrix}x\\ y\end{bmatrix}$ の形に書き表せ。",-1,1,2
bc9551e0-8466-4221-a416-3d09744c4a8b,e336552f-573e-4089-a583-a28b41582800,2-7-(3),2,3,3,4,final_check,行列演算と逆行列,"次を満たす2次正方行列 $P, Q_\theta, R_\theta$ を定めよ。","原点の周りに角 $\theta$ だけ回転移動した直線を $l_\theta$ とする。点 $(x,y)$ を $l_\theta$ に関して対称移動した点を $(x',y')$ とするとき、2点の関係を $\begin{bmatrix}x'\\ y'\end{bmatrix}=R_\theta\begin{bmatrix}x\\ y\end{bmatrix}$ の形に書き表せ。",-1,-1,0
62708c6f-950c-4032-8812-1b3815f9d122,e336552f-573e-4089-a583-a28b41582800,4-1-(1),5,2,5,2,final_check,行列演算と逆行列,次の行列に行基本変形を行い、簡約行列に変形せよ。,$\begin{bmatrix}0&-1&2\\ 1&0&-1\\ 0&0&0\end{bmatrix}$,3,3,0
1e5bf679-4fa4-4004-8e00-def675fd42b0,e336552f-573e-4089-a583-a28b41582800,4-1-(2),5,2,6,1,final_check,行列演算と逆行列,次の行列に行基本変形を行い、簡約行列に変形せよ。,$\begin{bmatrix}0&0\\ -2&3\end{bmatrix}$,3,5,2
c59783ab-539b-42c8-8426-699d66889fff,e336552f-573e-4089-a583-a28b41582800,4-3-(2),4,3,4,3,final_check,行列演算と逆行列,次の行列を何回かの行基本変形で簡約行列に変形し、階数（rank）を求めよ。,$\begin{bmatrix}0&-1&3&6\\ 2&5&3&4\\ 3&7&6&9\end{bmatrix}$,1,1,0
f11a9bd4-3efc-4d62-935b-93349efa21a6,e336552f-573e-4089-a583-a28b41582800,4-Rep-2,2,4,2,5,final_check,行列演算と逆行列,次の行列の階数を求めよ。($a$ の値に応じて場合分けせよ),$\begin{bmatrix}a&2a+2&5\\ a+3&a^2&2\\ -1&1&1\end{bmatrix}$,-2,-3,1
d781e0b7-ee28-4739-8f72-320f0c522acc,e336552f-573e-4089-a583-a28b41582800,8-1-(5),1,6,1,6,final_check,行列演算と逆行列,"$A=\begin{bmatrix}a&b\\ c&d\end{bmatrix}, \tilde{A}=\begin{bmatrix}d&-b\\ -c&a\end{bmatrix}, B=\begin{bmatrix}e&f\\ g&h\end{bmatrix}$ とする。",$|A|\neq 0$ と $A$ が正則であることは同値であることを示せ。,-5,-5,0
01bd3faa-b42a-4a38-a462-60383554936c,e336552f-573e-4089-a583-a28b41582800,2-4-(1),6,1,6,1,final_check,行列演算と逆行列,"$A=\begin{bmatrix}2&-1&1\\ 1&0&-1\end{bmatrix}, B=\begin{bmatrix}-2&1&2\\ 2&3&1\end{bmatrix}, C=\begin{bmatrix}2&-1&0\\ -3&0&2\\ 0&1&4\end{bmatrix}$ のとき、次の行列を求めよ。",$2A-3B$,5,5,0
445b1324-336a-4f20-bbdc-3934004e761b,e336552f-573e-4089-a583-a28b41582800,2-4-(2),6,1,6,1,final_check,行列演算と逆行列,"$A=\begin{bmatrix}2&-1&1\\ 1&0&-1\end{bmatrix}, B=\begin{bmatrix}-2&1&2\\ 2&3&1\end{bmatrix}, C=\begin{bmatrix}2&-1&0\\ -3&0&2\\ 0&1&4\end{bmatrix}$ のとき、次の行列を求めよ。",$2X+3A=B$ を満たす行列 $X$,5,5,0
4219c606-f45d-4655-9730-74416419a8ea,e336552f-573e-4089-a583-a28b41582800,2-4-(3),6,1,6,2,final_check,行列演算と逆行列,"$A=\begin{bmatrix}2&-1&1\\ 1&0&-1\end{bmatrix}, B=\begin{bmatrix}-2&1&2\\ 2&3&1\end{bmatrix}, C=\begin{bmatrix}2&-1&0\\ -3&0&2\\ 0&1&4\end{bmatrix}$ のとき、次の行列を求めよ。",$BC$,5,4,1
edf3b9f8-da97-4be1-a12f-566f8bd96577,e336552f-573e-4089-a583-a28b41582800,2-4-(4),4,3,4,3,final_check,行列演算と逆行列,"$A=\begin{bmatrix}2&-1&1\\ 1&0&-1\end{bmatrix}, B=\begin{bmatrix}-2&1&2\\ 2&3&1\end{bmatrix}, C=\begin{bmatrix}2&-1&0\\ -3&0&2\\ 0&1&4\end{bmatrix}$ のとき、次の行列を求めよ。",$A C^t B^t$,1,1,0
eac6bbce-4cc7-4fd6-aeb0-e0e116eef95c,9cd4a594-1779-451b-8b03-3a22a4d73bf1,10-2-(2),5,2,3,3,final_check,行列演算と逆行列,$n$ 次正方行列 $A$ の余因子行列を $\tilde{A}$、$n$ 次単位行列を $E$ とする。,$|\tilde{A}|$ を $|A|$ を用いて表せ。,3,0,3
f18433d7-5eab-4bba-ad08-9d5734603c4a,e336552f-573e-4089-a583-a28b41582800,8-1-(2),6,1,3,3,final_check,行列演算と逆行列,"$A=\begin{bmatrix}a&b\\ c&d\end{bmatrix}, \tilde{A}=\begin{bmatrix}d&-b\\ -c&a\end{bmatrix}, B=\begin{bmatrix}e&f\\ g&h\end{bmatrix}$ とする。",$A\tilde{A}$ を計算せよ。,5,0,5
a5dd6e17-a57f-46f2-a41a-73c8e2a9429f,37b95611-9620-40f1-ac65-d6285650f8db,4-Rep-2,6,1,4,4,final_check,行列演算と逆行列,次の行列の階数を求めよ。($a$ の値に応じて場合分けせよ),$\begin{bmatrix}a&2a+2&5\\ a+3&a^2&2\\ -1&1&1\end{bmatrix}$,5,0,5
c949dda0-500e-43ed-917c-24c0ca08f693,37b95611-9620-40f1-ac65-d6285650f8db,8-2-(4),6,1,4,4,final_check,行列演算と逆行列,以下の行列が正則かどうか調べよ。さらに、正則であれば逆行列を求めよ。,$\begin{bmatrix}1&1&-2\\ 3&2&-4\\ -2&0&2\end{bmatrix}$,5,0,5
010318b3-a49d-47c7-a9e0-8b1d94f5bed8,37b95611-9620-40f1-ac65-d6285650f8db,8-4-(1),6,2,6,4,final_check,行列演算と逆行列,"$A=\begin{bmatrix}1&1&0\\ 2&3&-2\\ 3&4&-3\end{bmatrix}, B=\begin{bmatrix}0&-1&2\\ 1&0&-3\\ -2&3&0\end{bmatrix}$ に対して以下の問いに答えよ。",$AX=B$ を満たす3次正方行列 $X$ を求めよ。,4,2,2
539d46b4-6354-466b-8c40-97f4100913a6,e336552f-573e-4089-a583-a28b41582800,8-2-(1),1,6,2,2,final_check,行列演算と逆行列,以下の行列が正則かどうか調べよ。さらに、正則であれば逆行列を求めよ。,$\begin{bmatrix}e^x&-1\\ 0&e^y\end{bmatrix}$,-5,0,5
573e4837-9b0f-41ce-b856-6b75dae2e83a,37b95611-9620-40f1-ac65-d6285650f8db,2-7-(2),1,5,2,4,final_check,行列演算と逆行列,"次を満たす2次正方行列 $P, Q_\theta, R_\theta$ を定めよ。","点 $(x,y)$ を原点の周りに角 $\theta$ だけ回転移動した点を $(x',y')$ とするとき、2点の関係を $\begin{bmatrix}x'\\ y'\end{bmatrix}=Q_\theta\begin{bmatrix}x\\ y\end{bmatrix}$ の形に書き表せ。",-4,-2,2
8f04f73d-0f39-4a8f-b933-7604b8e5d7bd,37b95611-9620-40f1-ac65-d6285650f8db,8-4-(2),6,2,5,4,final_check,行列演算と逆行列,"$A=\begin{bmatrix}1&1&0\\ 2&3&-2\\ 3&4&-3\end{bmatrix}, B=\begin{bmatrix}0&-1&2\\ 1&0&-3\\ -2&3&0\end{bmatrix}$ に対して以下の問いに答えよ。",$YA=B$ を満たす3次正方行列 $Y$ を求めよ。,4,1,3
5bae5523-d0bf-4de4-b711-12195e3f184a,37b95611-9620-40f1-ac65-d6285650f8db,2-7-(1),1,5,2,4,final_check,行列演算と逆行列,"次を満たす2次正方行列 $P, Q_\theta, R_\theta$ を定めよ。","点 $(x,y)$ を $x$ 軸に関して対称移動した点を $(x',y')$ とするとき、2点の関係を $\begin{bmatrix}x'\\ y'\end{bmatrix}=P\begin{bmatrix}x\\ y\end{bmatrix}$ の形に書き表せ。",-4,-2,2
ff72ab1f-dc23-47b0-9e67-aca5d7e88b9f,37b95611-9620-40f1-ac65-d6285650f8db,8-(18),6,2,5,4,final_check,行列演算と逆行列,行列 $A=\begin{bmatrix}1&3&1\\ 2&5&2\\ 3&4&0\end{bmatrix}$ について、$\tilde{A}$ をその余因子行列とする。,$\tilde{A}$ の第3列ベクトルを求めよ。,4,1,3
835a6e7d-5138-4482-9394-b009cb417e2b,e336552f-573e-4089-a583-a28b41582800,2-6-(2),3,4,4,3,final_check,行列演算と逆行列,2次正則行列の逆行列の公式を用いて、次の問いに答えよ。,"$A=\begin{bmatrix}5&-7\\ 2&-3\end{bmatrix}, B=\begin{bmatrix}1&-2\\ -3&4\end{bmatrix}$ のとき、$AX+2B=BA$ を満たす行列 $X$ を求めよ。",-1,1,2
1fc23ee6-7050-436c-b614-983687cf8936,e336552f-573e-4089-a583-a28b41582800,2-7-(1),6,1,5,2,final_check,行列演算と逆行列,"次を満たす2次正方行列 $P, Q_\theta, R_\theta$ を定めよ。","点 $(x,y)$ を $x$ 軸に関して対称移動した点を $(x',y')$ とするとき、2点の関係を $\begin{bmatrix}x'\\ y'\end{bmatrix}=P\begin{bmatrix}x\\ y\end{bmatrix}$ の形に書き表せ。",5,3,2
30c0b584-e94d-40fe-8e99-831c368644d2,e336552f-573e-4089-a583-a28b41582800,8-2-(2),1,6,5,2,final_check,行列演算と逆行列,以下の行列が正則かどうか調べよ。さらに、正則であれば逆行列を求めよ。,$\begin{bmatrix}\lambda&-1\\ 1&\lambda-2\end{bmatrix}$,-5,3,8
10e0c766-b816-4431-870e-e4a7ee5547ec,e336552f-573e-4089-a583-a28b41582800,8-2-(5),1,6,2,5,final_check,行列演算と逆行列,以下の行列が正則かどうか調べよ。さらに、正則であれば逆行列を求めよ。,$\begin{bmatrix}0&0&1&0\\ 0&-1&0&0\\ -1&0&2&0\\ 0&1&-1&1\end{bmatrix}$,-5,-3,2
82a47ebe-fb89-4706-ac98-777f83472eea,e336552f-573e-4089-a583-a28b41582800,8-4-(2),5,1,3,4,final_check,行列演算と逆行列,"$A=\begin{bmatrix}1&1&0\\ 2&3&-2\\ 3&4&-3\end{bmatrix}, B=\begin{bmatrix}0&-1&2\\ 1&0&-3\\ -2&3&0\end{bmatrix}$ に対して以下の問いに答えよ。",$YA=B$ を満たす3次正方行列 $Y$ を求めよ。,4,-1,5
0939e5e0-dff3-42bf-8ece-72ded5eecfb1,e336552f-573e-4089-a583-a28b41582800,8-6-(3),3,3,3,3,final_check,行列演算と逆行列,正方行列 $A$ が $^tAA=E$ を満たすとき $A$ を直交行列という。以下の行列について答えよ。,問5(3)の行列を $R$ とする。$r\sin\theta \neq 0$ のとき、$R$ の逆行列を求めよ。,0,0,0
c061dec8-8c47-48b5-9908-6c11cb3ff883,e336552f-573e-4089-a583-a28b41582800,8-Rep-1-(ii),5,1,3,4,final_check,行列演算と逆行列,$A=\begin{bmatrix}2&k&4\\ 1&1&-1\\ 4&2&1\end{bmatrix}$ とする。,$k=-1$ のとき、$A$ の逆行列 $A^{-1}$ を求めよ。,4,-1,5
f8424db8-5c75-4574-b22c-021411b13198,e336552f-573e-4089-a583-a28b41582800,10-2-(2),2,4,2,5,final_check,行列演算と逆行列,$n$ 次正方行列 $A$ の余因子行列を $\tilde{A}$、$n$ 次単位行列を $E$ とする。,$|\tilde{A}|$ を $|A|$ を用いて表せ。,-2,-3,1
bd9d688f-8104-4ffc-abfb-8f98efe668bb,e336552f-573e-4089-a583-a28b41582800,10-6-(1),2,4,3,3,final_check,行列演算と逆行列,次の行列 $A$ の余因子行列 $\tilde{A}$ を求め、さらに $A$ が正則である場合には $A^{-1}$ を求めよ。\n$A=\begin{bmatrix}0&1&1\\ 1&0&1\\ 1&1&0\end{bmatrix}$,$\tilde{A}$ を求めよ。また $A^{-1}$ を求めよ。,-2,0,2
7e21549f-0625-4ed3-85e3-87b11a523f19,e336552f-573e-4089-a583-a28b41582800,10-Rep-1-(ii),1,5,2,4,final_check,行列演算と逆行列,"次の2つの行列 $A, B$ を考える。\n$A=\begin{bmatrix}1&0&-1&1\\ 2&1&0&1\\ 1&1&-1&0\\ 0&3&2&1\end{bmatrix}, B=\begin{bmatrix}4&-4&-3&9\\ 3&-1&-4&5\\ 8&5&-8&-9\\ 3&0&4&8\end{bmatrix}$","$A$ の余因子行列の $(4,1)$ 成分を求めよ。さらにそれを用いて、$A^{-1}$ の $(4,1)$ 成分を求めよ。",-4,-2,2
42879949-3e53-49e3-bd6a-19c579f14ece,e336552f-573e-4089-a583-a28b41582800,7-(15),2,2,3,4,final_check,行列演算と逆行列,"$a_1=\begin{bmatrix}1\\ 0\\ 2\\ 3\end{bmatrix}, a_2=\begin{bmatrix}1\\ 1\\ -2\\ 2\end{bmatrix}, a_3=\begin{bmatrix}3\\ 2\\ 1\\ 0\end{bmatrix}, b=\begin{bmatrix}1\\ 1\\ 4\\ k\end{bmatrix}$ について、次の問いに答えよ。","$b=c_1a_1+c_2a_2+c_3a_3$ を満たす実数 $c_1,c_2,c_3$ が存在するための $k$ の条件を求めよ。",0,-1,1
f0ed2f13-1dc6-41cd-a683-9970ebe356db,e336552f-573e-4089-a583-a28b41582800,6-(12),2,1,3,3,final_check,行列演算と逆行列,行列 $\begin{bmatrix}2&1&1\\ 1&-2&0\\ 1&2&1\end{bmatrix}$ について、次の問いに答えよ。,逆行列の第3列ベクトルを求めよ。,1,0,1
5c90c293-1b06-4f41-993b-236b1d4065d9,e336552f-573e-4089-a583-a28b41582800,8-(18),1,5,3,3,final_check,行列演算と逆行列,行列 $A=\begin{bmatrix}1&3&1\\ 2&5&2\\ 3&4&0\end{bmatrix}$ について、$\tilde{A}$ をその余因子行列とする。,$\tilde{A}$ の第3列ベクトルを求めよ。,-4,0,4
d0ba3bf3-e3b0-4e58-bd72-074b0b28d86a,c5db9b36-6a6b-40c5-8645-b17a87eb83f1,2-7-(2),1,6,2,4,final_check,行列演算と逆行列,"次を満たす2次正方行列 $P, Q_\theta, R_\theta$ を定めよ。","点 $(x,y)$ を原点の周りに角 $\theta$ だけ回転移動した点を $(x',y')$ とするとき、2点の関係を $\begin{bmatrix}x'\\ y'\end{bmatrix}=Q_\theta\begin{bmatrix}x\\ y\end{bmatrix}$ の形に書き表せ。",-5,-2,3
a84f84fd-35ee-45d9-b19c-fda1c0d1bcb4,c5db9b36-6a6b-40c5-8645-b17a87eb83f1,2-7-(3),1,6,2,4,final_check,行列演算と逆行列,"次を満たす2次正方行列 $P, Q_\theta, R_\theta$ を定めよ。","原点の周りに角 $\theta$ だけ回転移動した直線を $l_\theta$ とする。点 $(x,y)$ を $l_\theta$ に関して対称移動した点を $(x',y')$ とするとき、2点の関係を $\begin{bmatrix}x'\\ y'\end{bmatrix}=R_\theta\begin{bmatrix}x\\ y\end{bmatrix}$ の形に書き表せ。",-5,-2,3
a9c04791-884d-4618-8b7d-ac3bb98197f7,c5db9b36-6a6b-40c5-8645-b17a87eb83f1,4-1-(2),6,1,4,3,final_check,行列演算と逆行列,次の行列に行基本変形を行い、簡約行列に変形せよ。,$\begin{bmatrix}0&0\\ -2&3\end{bmatrix}$,5,1,4
e99c18c5-c519-49fa-9fc4-5567f6d44e9f,c5db9b36-6a6b-40c5-8645-b17a87eb83f1,4-Rep-2,5,2,2,5,final_check,行列演算と逆行列,次の行列の階数を求めよ。($a$ の値に応じて場合分けせよ),$\begin{bmatrix}a&2a+2&5\\ a+3&a^2&2\\ -1&1&1\end{bmatrix}$,3,-3,6
ba47198d-2981-46b8-8709-05cd954dedd6,c5db9b36-6a6b-40c5-8645-b17a87eb83f1,8-1-(5),2,5,2,4,final_check,行列演算と逆行列,"$A=\begin{bmatrix}a&b\\ c&d\end{bmatrix}, \tilde{A}=\begin{bmatrix}d&-b\\ -c&a\end{bmatrix}, B=\begin{bmatrix}e&f\\ g&h\end{bmatrix}$ とする。",$|A|\neq 0$ と $A$ が正則であることは同値であることを示せ。,-3,-2,1
f4af4149-57e5-489b-9851-82ffcc969796,c5db9b36-6a6b-40c5-8645-b17a87eb83f1,2-4-(1),6,1,5,2,final_check,行列演算と逆行列,"$A=\begin{bmatrix}2&-1&1\\ 1&0&-1\end{bmatrix}, B=\begin{bmatrix}-2&1&2\\ 2&3&1\end{bmatrix}, C=\begin{bmatrix}2&-1&0\\ -3&0&2\\ 0&1&4\end{bmatrix}$ のとき、次の行列を求めよ。",$2A-3B$,5,3,2
bb75e013-5617-4a69-9952-096f98cd0fe7,c5db9b36-6a6b-40c5-8645-b17a87eb83f1,2-4-(2),4,4,4,2,final_check,行列演算と逆行列,"$A=\begin{bmatrix}2&-1&1\\ 1&0&-1\end{bmatrix}, B=\begin{bmatrix}-2&1&2\\ 2&3&1\end{bmatrix}, C=\begin{bmatrix}2&-1&0\\ -3&0&2\\ 0&1&4\end{bmatrix}$ のとき、次の行列を求めよ。",$2X+3A=B$ を満たす行列 $X$,0,2,2
357980d5-1fae-4a2d-b6ff-20e9e657ef6a,c5db9b36-6a6b-40c5-8645-b17a87eb83f1,2-4-(3),6,1,4,3,final_check,行列演算と逆行列,"$A=\begin{bmatrix}2&-1&1\\ 1&0&-1\end{bmatrix}, B=\begin{bmatrix}-2&1&2\\ 2&3&1\end{bmatrix}, C=\begin{bmatrix}2&-1&0\\ -3&0&2\\ 0&1&4\end{bmatrix}$ のとき、次の行列を求めよ。",$BC$,5,1,4
7e1014c8-32ef-4cca-b40c-c256ac011d42,c5db9b36-6a6b-40c5-8645-b17a87eb83f1,2-4-(4),3,4,3,4,final_check,行列演算と逆行列,"$A=\begin{bmatrix}2&-1&1\\ 1&0&-1\end{bmatrix}, B=\begin{bmatrix}-2&1&2\\ 2&3&1\end{bmatrix}, C=\begin{bmatrix}2&-1&0\\ -3&0&2\\ 0&1&4\end{bmatrix}$ のとき、次の行列を求めよ。",$A C^t B^t$,-1,-1,0
2966dfbd-11ea-4f81-8e7f-4f16170ffb62,c5db9b36-6a6b-40c5-8645-b17a87eb83f1,8-2-(4),5,2,2,5,final_check,行列演算と逆行列,以下の行列が正則かどうか調べよ。さらに、正則であれば逆行列を求めよ。,$\begin{bmatrix}1&1&-2\\ 3&2&-4\\ -2&0&2\end{bmatrix}$,3,-3,6
1f6ad8c5-8a9b-4368-bec8-480de677dad8,c5db9b36-6a6b-40c5-8645-b17a87eb83f1,8-2-(5),4,3,1,6,final_check,行列演算と逆行列,以下の行列が正則かどうか調べよ。さらに、正則であれば逆行列を求めよ。,$\begin{bmatrix}0&0&1&0\\ 0&-1&0&0\\ -1&0&2&0\\ 0&1&-1&1\end{bmatrix}$,1,-5,6
a22b1b04-956f-4a56-9e31-4c29725faa2e,c5db9b36-6a6b-40c5-8645-b17a87eb83f1,8-4-(1),3,3,2,4,final_check,行列演算と逆行列,"$A=\begin{bmatrix}1&1&0\\ 2&3&-2\\ 3&4&-3\end{bmatrix}, B=\begin{bmatrix}0&-1&2\\ 1&0&-3\\ -2&3&0\end{bmatrix}$ に対して以下の問いに答えよ。",$AX=B$ を満たす3次正方行列 $X$ を求めよ。,0,-2,2
90b5aebe-0dfc-4f0a-a415-87209f889cb9,c5db9b36-6a6b-40c5-8645-b17a87eb83f1,8-4-(2),3,3,2,4,final_check,行列演算と逆行列,"$A=\begin{bmatrix}1&1&0\\ 2&3&-2\\ 3&4&-3\end{bmatrix}, B=\begin{bmatrix}0&-1&2\\ 1&0&-3\\ -2&3&0\end{bmatrix}$ に対して以下の問いに答えよ。",$YA=B$ を満たす3次正方行列 $Y$ を求めよ。,0,-2,2
84cb68a2-87b2-4e3c-851e-58c74dd1a676,c5db9b36-6a6b-40c5-8645-b17a87eb83f1,8-6-(1),2,4,3,3,final_check,行列演算と逆行列,正方行列 $A$ が $^tAA=E$ を満たすとき $A$ を直交行列という。以下の行列について答えよ。,$P=\begin{bmatrix}\cos\theta&-\sin\theta\\ \sin\theta&\cos\theta\end{bmatrix}$ は直交行列であることを示せ。さらに、$P$ の逆行列を求めよ。,-2,0,2
e0865e49-2f6c-42f1-adf4-b1220a6e1264,c5db9b36-6a6b-40c5-8645-b17a87eb83f1,8-6-(2),2,5,2,4,final_check,行列演算と逆行列,正方行列 $A$ が $^tAA=E$ を満たすとき $A$ を直交行列という。以下の行列について答えよ。,$Q=\begin{bmatrix}\sin\theta\cos\varphi&\cos\theta\cos\varphi&-\sin\varphi\\ \sin\theta\sin\varphi&\cos\theta\sin\varphi&\cos\varphi\\ \cos\theta&-\sin\theta&0\end{bmatrix}$ は直交行列であることを示せ。さらに、$Q$ の逆行列を求めよ。,-3,-2,1
185dc293-5fd2-4116-9663-d75d098eb1bd,c5db9b36-6a6b-40c5-8645-b17a87eb83f1,8-6-(3),2,5,2,5,final_check,行列演算と逆行列,正方行列 $A$ が $^tAA=E$ を満たすとき $A$ を直交行列という。以下の行列について答えよ。,問5(3)の行列を $R$ とする。$r\sin\theta \neq 0$ のとき、$R$ の逆行列を求めよ。,-3,-3,0
b49250ff-b7c1-44b3-8a01-3101fa128af8,c5db9b36-6a6b-40c5-8645-b17a87eb83f1,8-Rep-1-(ii),6,1,2,4,final_check,行列演算と逆行列,$A=\begin{bmatrix}2&k&4\\ 1&1&-1\\ 4&2&1\end{bmatrix}$ とする。,$k=-1$ のとき、$A$ の逆行列 $A^{-1}$ を求めよ。,5,-2,7
da3338b2-201e-44e9-90df-61a476e6498f,c5db9b36-6a6b-40c5-8645-b17a87eb83f1,10-2-(2),3,3,2,4,final_check,行列演算と逆行列,$n$ 次正方行列 $A$ の余因子行列を $\tilde{A}$、$n$ 次単位行列を $E$ とする。,$|\tilde{A}|$ を $|A|$ を用いて表せ。,0,-2,2
29590537-1496-4abd-a09d-2073cbb3a399,c5db9b36-6a6b-40c5-8645-b17a87eb83f1,10-Rep-1-(ii),4,4,2,4,final_check,行列演算と逆行列,"次の2つの行列 $A, B$ を考える。\n$A=\begin{bmatrix}1&0&-1&1\\ 2&1&0&1\\ 1&1&-1&0\\ 0&3&2&1\end{bmatrix}, B=\begin{bmatrix}4&-4&-3&9\\ 3&-1&-4&5\\ 8&5&-8&-9\\ 3&0&4&8\end{bmatrix}$","$A$ の余因子行列の $(4,1)$ 成分を求めよ。さらにそれを用いて、$A^{-1}$ の $(4,1)$ 成分を求めよ。",0,-2,2
bb41dcfa-1c31-4220-92cd-665f25ac7d64,c5db9b36-6a6b-40c5-8645-b17a87eb83f1,6-(14),2,5,2,4,final_check,行列演算と逆行列,"$A=\begin{bmatrix}1&-2\\ -2&3\end{bmatrix}, B=\begin{bmatrix}1&-2\\ 1&-1\end{bmatrix}, M=\begin{bmatrix}A&B\end{bmatrix}$ について、次の問いに答えよ。",$AXA=B$ を満たす行列 $X$ を求めよ。,-3,-2,1
b67e1fba-68c4-4c0a-a85e-29f855854173,c5db9b36-6a6b-40c5-8645-b17a87eb83f1,7-(15),3,4,3,4,final_check,行列演算と逆行列,"$a_1=\begin{bmatrix}1\\ 0\\ 2\\ 3\end{bmatrix}, a_2=\begin{bmatrix}1\\ 1\\ -2\\ 2\end{bmatrix}, a_3=\begin{bmatrix}3\\ 2\\ 1\\ 0\end{bmatrix}, b=\begin{bmatrix}1\\ 1\\ 4\\ k\end{bmatrix}$ について、次の問いに答えよ。","$b=c_1a_1+c_2a_2+c_3a_3$ を満たす実数 $c_1,c_2,c_3$ が存在するための $k$ の条件を求めよ。",-1,-1,0
393fccc9-8ed4-4d97-8e7f-4d762b6d0d4f,c5db9b36-6a6b-40c5-8645-b17a87eb83f1,6-(12),5,2,2,4,final_check,行列演算と逆行列,行列 $\begin{bmatrix}2&1&1\\ 1&-2&0\\ 1&2&1\end{bmatrix}$ について、次の問いに答えよ。,逆行列の第3列ベクトルを求めよ。,3,-2,5
21a6a3a4-bddd-48d2-b4d8-af07a82000f2,c5db9b36-6a6b-40c5-8645-b17a87eb83f1,8-(18),5,2,2,4,final_check,行列演算と逆行列,行列 $A=\begin{bmatrix}1&3&1\\ 2&5&2\\ 3&4&0\end{bmatrix}$ について、$\tilde{A}$ をその余因子行列とする。,$\tilde{A}$ の第3列ベクトルを求めよ。,3,-2,5
57c28924-f013-4815-b33d-8679367d61f7,c5db9b36-6a6b-40c5-8645-b17a87eb83f1,8-(19),4,3,3,3,final_check,行列演算と逆行列,行列 $A=\begin{bmatrix}1&3&1\\ 2&5&2\\ 3&4&0\end{bmatrix}$ について、$\tilde{A}$ をその余因子行列とする。,$A\tilde{A}$ を求めよ。,1,0,1
f86c0ee1-d3db-478c-8144-59420a4d1e6e,9cd4a594-1779-451b-8b03-3a22a4d73bf1,8-1-(5),3,3,3,3,final_check,行列演算と逆行列,"$A=\begin{bmatrix}a&b\\ c&d\end{bmatrix}, \tilde{A}=\begin{bmatrix}d&-b\\ -c&a\end{bmatrix}, B=\begin{bmatrix}e&f\\ g&h\end{bmatrix}$ とする。",$|A|\neq 0$ と $A$ が正則であることは同値であることを示せ。,0,0,0
6eac8e28-897e-42ef-8a10-c6fc02b7abfe,9cd4a594-1779-451b-8b03-3a22a4d73bf1,8-6-(2),4,4,4,4,final_check,行列演算と逆行列,正方行列 $A$ が $^tAA=E$ を満たすとき $A$ を直交行列という。以下の行列について答えよ。,$Q=\begin{bmatrix}\sin\theta\cos\varphi&\cos\theta\cos\varphi&-\sin\varphi\\ \sin\theta\sin\varphi&\cos\theta\sin\varphi&\cos\varphi\\ \cos\theta&-\sin\theta&0\end{bmatrix}$ は直交行列であることを示せ。さらに、$Q$ の逆行列を求めよ。,0,0,0
d7cefa24-a2dc-4156-8189-cb7450b9b4d5,e336552f-573e-4089-a583-a28b41582800,8-2-(3),1,6,3,3,final_check,行列演算と逆行列,以下の行列が正則かどうか調べよ。さらに、正則であれば逆行列を求めよ。,$\begin{bmatrix}2&1&3\\ 3&2&5\\ 1&2&3\end{bmatrix}$,-5,0,5
63a52481-8df6-4f7a-8506-10482c3d5683,e336552f-573e-4089-a583-a28b41582800,8-2-(4),1,6,3,3,final_check,行列演算と逆行列,以下の行列が正則かどうか調べよ。さらに、正則であれば逆行列を求めよ。,$\begin{bmatrix}1&1&-2\\ 3&2&-4\\ -2&0&2\end{bmatrix}$,-5,0,5
44988128-270a-4aba-9cb1-e3000991778d,37b95611-9620-40f1-ac65-d6285650f8db,8-2-(3),6,1,4,4,final_check,行列演算と逆行列,以下の行列が正則かどうか調べよ。さらに、正則であれば逆行列を求めよ。,$\begin{bmatrix}2&1&3\\ 3&2&5\\ 1&2&3\end{bmatrix}$,5,0,5
c9c7540f-5e05-4422-a0e6-1f50863a4b59,c5db9b36-6a6b-40c5-8645-b17a87eb83f1,4-1-(1),6,1,3,3,final_check,行列演算と逆行列,次の行列に行基本変形を行い、簡約行列に変形せよ。,$\begin{bmatrix}0&-1&2\\ 1&0&-1\\ 0&0&0\end{bmatrix}$,5,0,5
ce124cc7-e272-494b-beba-09c76aae693e,c5db9b36-6a6b-40c5-8645-b17a87eb83f1,4-3-(2),6,1,3,3,final_check,行列演算と逆行列,次の行列を何回かの行基本変形で簡約行列に変形し、階数（rank）を求めよ。,$\begin{bmatrix}0&-1&3&6\\ 2&5&3&4\\ 3&7&6&9\end{bmatrix}$,5,0,5
619680bb-d792-4498-a74a-86b7d6e58a7d,c5db9b36-6a6b-40c5-8645-b17a87eb83f1,8-1-(2),6,1,3,3,final_check,行列演算と逆行列,"$A=\begin{bmatrix}a&b\\ c&d\end{bmatrix}, \tilde{A}=\begin{bmatrix}d&-b\\ -c&a\end{bmatrix}, B=\begin{bmatrix}e&f\\ g&h\end{bmatrix}$ とする。",$A\tilde{A}$ を計算せよ。,5,0,5
ecf99511-2d3b-4c1f-8775-f8c8def6f04e,d10fe433-ad4b-4d36-9527-e798fca46088,2-7-(2),3,5,5,2,final_check,行列演算と逆行列,"次を満たす2次正方行列 $P, Q_\theta, R_\theta$ を定めよ。","点 $(x,y)$ を原点の周りに角 $\theta$ だけ回転移動した点を $(x',y')$ とするとき、2点の関係を $\begin{bmatrix}x'\\ y'\end{bmatrix}=Q_\theta\begin{bmatrix}x\\ y\end{bmatrix}$ の形に書き表せ。",-2,3,5
f0cdce35-d541-4316-8968-6182600b1268,d10fe433-ad4b-4d36-9527-e798fca46088,2-7-(3),1,6,4,3,final_check,行列演算と逆行列,"次を満たす2次正方行列 $P, Q_\theta, R_\theta$ を定めよ。","原点の周りに角 $\theta$ だけ回転移動した直線を $l_\theta$ とする。点 $(x,y)$ を $l_\theta$ に関して対称移動した点を $(x',y')$ とするとき、2点の関係を $\begin{bmatrix}x'\\ y'\end{bmatrix}=R_\theta\begin{bmatrix}x\\ y\end{bmatrix}$ の形に書き表せ。",-5,1,6
de55a911-025b-4145-90c1-5d68871d40e2,d10fe433-ad4b-4d36-9527-e798fca46088,4-1-(1),6,1,6,1,final_check,行列演算と逆行列,次の行列に行基本変形を行い、簡約行列に変形せよ。,$\begin{bmatrix}0&-1&2\\ 1&0&-1\\ 0&0&0\end{bmatrix}$,5,5,0
61123177-ba8e-4286-a0e1-b97c81316020,d10fe433-ad4b-4d36-9527-e798fca46088,4-1-(2),6,1,6,1,final_check,行列演算と逆行列,次の行列に行基本変形を行い、簡約行列に変形せよ。,$\begin{bmatrix}0&0\\ -2&3\end{bmatrix}$,5,5,0
37988ef1-f190-4222-94db-6f3b32666cc3,d10fe433-ad4b-4d36-9527-e798fca46088,4-3-(2),6,1,5,2,final_check,行列演算と逆行列,次の行列を何回かの行基本変形で簡約行列に変形し、階数（rank）を求めよ。,$\begin{bmatrix}0&-1&3&6\\ 2&5&3&4\\ 3&7&6&9\end{bmatrix}$,5,3,2
25884e53-e3d4-456d-af57-fa65473200f2,d10fe433-ad4b-4d36-9527-e798fca46088,8-1-(2),6,2,6,1,final_check,行列演算と逆行列,"$A=\begin{bmatrix}a&b\\ c&d\end{bmatrix}, \tilde{A}=\begin{bmatrix}d&-b\\ -c&a\end{bmatrix}, B=\begin{bmatrix}e&f\\ g&h\end{bmatrix}$ とする。",$A\tilde{A}$ を計算せよ。,4,5,1
76e17c3f-046b-4c79-8954-a380e852608b,d10fe433-ad4b-4d36-9527-e798fca46088,8-1-(5),3,5,3,4,final_check,行列演算と逆行列,"$A=\begin{bmatrix}a&b\\ c&d\end{bmatrix}, \tilde{A}=\begin{bmatrix}d&-b\\ -c&a\end{bmatrix}, B=\begin{bmatrix}e&f\\ g&h\end{bmatrix}$ とする。",$|A|\neq 0$ と $A$ が正則であることは同値であることを示せ。,-2,-1,1
76a292c1-e619-4b3f-b45d-21bc4f4cc76d,d10fe433-ad4b-4d36-9527-e798fca46088,8-2-(1),3,5,5,2,final_check,行列演算と逆行列,以下の行列が正則かどうか調べよ。さらに、正則であれば逆行列を求めよ。,$\begin{bmatrix}e^x&-1\\ 0&e^y\end{bmatrix}$,-2,3,5
119f049f-4e9b-475d-8f2b-051969575672,d10fe433-ad4b-4d36-9527-e798fca46088,4-Rep-2,5,4,4,4,final_check,行列演算と逆行列,次の行列の階数を求めよ。($a$ の値に応じて場合分けせよ),$\begin{bmatrix}a&2a+2&5\\ a+3&a^2&2\\ -1&1&1\end{bmatrix}$,1,0,1
169238d5-e5c7-4ab3-9c27-e934031add60,e336552f-573e-4089-a583-a28b41582800,8-4-(1),5,1,5,4,final_check,行列演算と逆行列,"$A=\begin{bmatrix}1&1&0\\ 2&3&-2\\ 3&4&-3\end{bmatrix}, B=\begin{bmatrix}0&-1&2\\ 1&0&-3\\ -2&3&0\end{bmatrix}$ に対して以下の問いに答えよ。",$AX=B$ を満たす3次正方行列 $X$ を求めよ。,4,1,3
5b9fda79-358d-474c-8297-df2be5724f74,c5db9b36-6a6b-40c5-8645-b17a87eb83f1,8-2-(2),5,2,4,3,final_check,行列演算と逆行列,以下の行列が正則かどうか調べよ。さらに、正則であれば逆行列を求めよ。,$\begin{bmatrix}\lambda&-1\\ 1&\lambda-2\end{bmatrix}$,3,1,2
1641e606-742b-4471-909f-1fd350c03e42,c5db9b36-6a6b-40c5-8645-b17a87eb83f1,2-7-(1),3,4,3,4,final_check,行列演算と逆行列,"次を満たす2次正方行列 $P, Q_\theta, R_\theta$ を定めよ。","点 $(x,y)$ を $x$ 軸に関して対称移動した点を $(x',y')$ とするとき、2点の関係を $\begin{bmatrix}x'\\ y'\end{bmatrix}=P\begin{bmatrix}x\\ y\end{bmatrix}$ の形に書き表せ。",-1,-1,0
a1750a2c-bc94-432c-b036-e649ed9038fd,c5db9b36-6a6b-40c5-8645-b17a87eb83f1,8-2-(3),5,2,5,3,final_check,行列演算と逆行列,以下の行列が正則かどうか調べよ。さらに、正則であれば逆行列を求めよ。,$\begin{bmatrix}2&1&3\\ 3&2&5\\ 1&2&3\end{bmatrix}$,3,2,1
5e9deac1-b600-46a2-86a8-9258264a6554,e336552f-573e-4089-a583-a28b41582800,8-(19),1,6,2,5,final_check,行列演算と逆行列,行列 $A=\begin{bmatrix}1&3&1\\ 2&5&2\\ 3&4&0\end{bmatrix}$ について、$\tilde{A}$ をその余因子行列とする。,$A\tilde{A}$ を求めよ。,-5,-3,2
abeb7f51-6316-4686-8734-72d86bc5b8f6,d10fe433-ad4b-4d36-9527-e798fca46088,2-4-(1),6,1,6,1,final_check,行列演算と逆行列,"$A=\begin{bmatrix}2&-1&1\\ 1&0&-1\end{bmatrix}, B=\begin{bmatrix}-2&1&2\\ 2&3&1\end{bmatrix}, C=\begin{bmatrix}2&-1&0\\ -3&0&2\\ 0&1&4\end{bmatrix}$ のとき、次の行列を求めよ。",$2A-3B$,5,5,0
35a6f965-e5d6-45c6-a394-1aee2841b425,d10fe433-ad4b-4d36-9527-e798fca46088,2-4-(2),5,2,6,1,final_check,行列演算と逆行列,"$A=\begin{bmatrix}2&-1&1\\ 1&0&-1\end{bmatrix}, B=\begin{bmatrix}-2&1&2\\ 2&3&1\end{bmatrix}, C=\begin{bmatrix}2&-1&0\\ -3&0&2\\ 0&1&4\end{bmatrix}$ のとき、次の行列を求めよ。",$2X+3A=B$ を満たす行列 $X$,3,5,2
14eeb7a0-3ee4-4eb4-97e8-79921f7ee58d,d10fe433-ad4b-4d36-9527-e798fca46088,2-6-(1),4,2,6,1,final_check,行列演算と逆行列,2次正則行列の逆行列の公式を用いて、次の問いに答えよ。,次の行列の逆行列を求めよ。\n$\begin{bmatrix}\cos\theta&\sin\theta\\ \sin\theta&-\cos\theta\end{bmatrix}$,2,5,3
f2c47d0d-70a0-48a1-ab87-7c3eed93b87c,d10fe433-ad4b-4d36-9527-e798fca46088,2-7-(1),2,4,6,1,final_check,行列演算と逆行列,"次を満たす2次正方行列 $P, Q_\theta, R_\theta$ を定めよ。","点 $(x,y)$ を $x$ 軸に関して対称移動した点を $(x',y')$ とするとき、2点の関係を $\begin{bmatrix}x'\\ y'\end{bmatrix}=P\begin{bmatrix}x\\ y\end{bmatrix}$ の形に書き表せ。",-2,5,7
588a6dac-12b1-4f82-95b8-1b121a4a39cd,d10fe433-ad4b-4d36-9527-e798fca46088,8-2-(2),3,4,5,2,final_check,行列演算と逆行列,以下の行列が正則かどうか調べよ。さらに、正則であれば逆行列を求めよ。,$\begin{bmatrix}\lambda&-1\\ 1&\lambda-2\end{bmatrix}$,-1,3,4
6a1b8f41-b600-415f-a1ee-6cac2efffe3f,d10fe433-ad4b-4d36-9527-e798fca46088,8-2-(3),5,2,5,3,final_check,行列演算と逆行列,以下の行列が正則かどうか調べよ。さらに、正則であれば逆行列を求めよ。,$\begin{bmatrix}2&1&3\\ 3&2&5\\ 1&2&3\end{bmatrix}$,3,2,1
6911a201-891a-4bac-b681-dc0d71baba8c,d10fe433-ad4b-4d36-9527-e798fca46088,8-2-(4),5,2,5,3,final_check,行列演算と逆行列,以下の行列が正則かどうか調べよ。さらに、正則であれば逆行列を求めよ。,$\begin{bmatrix}1&1&-2\\ 3&2&-4\\ -2&0&2\end{bmatrix}$,3,2,1
5d98f0f6-31f0-4d09-9f51-4e488de91938,d10fe433-ad4b-4d36-9527-e798fca46088,8-6-(1),3,4,5,2,final_check,行列演算と逆行列,正方行列 $A$ が $^tAA=E$ を満たすとき $A$ を直交行列という。以下の行列について答えよ。,$P=\begin{bmatrix}\cos\theta&-\sin\theta\\ \sin\theta&\cos\theta\end{bmatrix}$ は直交行列であることを示せ。さらに、$P$ の逆行列を求めよ。,-1,3,4
bcdb29fd-63c9-4e48-b9fa-f92df9e4c097,d10fe433-ad4b-4d36-9527-e798fca46088,8-6-(2),2,5,4,4,final_check,行列演算と逆行列,正方行列 $A$ が $^tAA=E$ を満たすとき $A$ を直交行列という。以下の行列について答えよ。,$Q=\begin{bmatrix}\sin\theta\cos\varphi&\cos\theta\cos\varphi&-\sin\varphi\\ \sin\theta\sin\varphi&\cos\theta\sin\varphi&\cos\varphi\\ \cos\theta&-\sin\theta&0\end{bmatrix}$ は直交行列であることを示せ。さらに、$Q$ の逆行列を求めよ。,-3,0,3
2d747a48-019b-4af6-8d7c-4318370df7c5,d10fe433-ad4b-4d36-9527-e798fca46088,8-Rep-1-(ii),4,2,5,3,final_check,行列演算と逆行列,$A=\begin{bmatrix}2&k&4\\ 1&1&-1\\ 4&2&1\end{bmatrix}$ とする。,$k=-1$ のとき、$A$ の逆行列 $A^{-1}$ を求めよ。,2,2,0
eb69f7d0-c568-4b3f-8dea-cb63dd0b0f84,d10fe433-ad4b-4d36-9527-e798fca46088,10-2-(2),2,4,3,3,final_check,行列演算と逆行列,$n$ 次正方行列 $A$ の余因子行列を $\tilde{A}$、$n$ 次単位行列を $E$ とする。,$|\tilde{A}|$ を $|A|$ を用いて表せ。,-2,0,2
8839eac1-e2d9-44e2-91a9-21c57c8c7e7a,d10fe433-ad4b-4d36-9527-e798fca46088,10-6-(1),2,4,4,4,final_check,行列演算と逆行列,次の行列 $A$ の余因子行列 $\tilde{A}$ を求め、さらに $A$ が正則である場合には $A^{-1}$ を求めよ。\n$A=\begin{bmatrix}0&1&1\\ 1&0&1\\ 1&1&0\end{bmatrix}$,$\tilde{A}$ を求めよ。また $A^{-1}$ を求めよ。,-2,0,2
ec1dc31a-b929-46b5-8b10-4c94d192604d,d10fe433-ad4b-4d36-9527-e798fca46088,10-Rep-1-(ii),2,5,4,4,final_check,行列演算と逆行列,"次の2つの行列 $A, B$ を考える。\n$A=\begin{bmatrix}1&0&-1&1\\ 2&1&0&1\\ 1&1&-1&0\\ 0&3&2&1\end{bmatrix}, B=\begin{bmatrix}4&-4&-3&9\\ 3&-1&-4&5\\ 8&5&-8&-9\\ 3&0&4&8\end{bmatrix}$","$A$ の余因子行列の $(4,1)$ 成分を求めよ。さらにそれを用いて、$A^{-1}$ の $(4,1)$ 成分を求めよ。",-3,0,3
0d4d0141-3833-44e8-a712-f43d4234d26e,d10fe433-ad4b-4d36-9527-e798fca46088,6-(14),5,2,5,3,final_check,行列演算と逆行列,"$A=\begin{bmatrix}1&-2\\ -2&3\end{bmatrix}, B=\begin{bmatrix}1&-2\\ 1&-1\end{bmatrix}, M=\begin{bmatrix}A&B\end{bmatrix}$ について、次の問いに答えよ。",$AXA=B$ を満たす行列 $X$ を求めよ。,3,2,1
8c17644a-81d0-49d3-8226-6dbb82c13933,d10fe433-ad4b-4d36-9527-e798fca46088,7-(15),3,4,4,4,final_check,行列演算と逆行列,"$a_1=\begin{bmatrix}1\\ 0\\ 2\\ 3\end{bmatrix}, a_2=\begin{bmatrix}1\\ 1\\ -2\\ 2\end{bmatrix}, a_3=\begin{bmatrix}3\\ 2\\ 1\\ 0\end{bmatrix}, b=\begin{bmatrix}1\\ 1\\ 4\\ k\end{bmatrix}$ について、次の問いに答えよ。","$b=c_1a_1+c_2a_2+c_3a_3$ を満たす実数 $c_1,c_2,c_3$ が存在するための $k$ の条件を求めよ。",-1,0,1
57c28683-8c11-4807-a0d7-ea29da6ae8b7,d10fe433-ad4b-4d36-9527-e798fca46088,6-(12),2,4,4,3,final_check,行列演算と逆行列,行列 $\begin{bmatrix}2&1&1\\ 1&-2&0\\ 1&2&1\end{bmatrix}$ について、次の問いに答えよ。,逆行列の第3列ベクトルを求めよ。,-2,1,3
e21ad83e-edf4-4508-93a5-073cbe19886f,d10fe433-ad4b-4d36-9527-e798fca46088,8-(18),2,5,5,2,final_check,行列演算と逆行列,行列 $A=\begin{bmatrix}1&3&1\\ 2&5&2\\ 3&4&0\end{bmatrix}$ について、$\tilde{A}$ をその余因子行列とする。,$\tilde{A}$ の第3列ベクトルを求めよ。,-3,3,6
4558d8e4-f914-4dba-b824-1989fe88a316,d10fe433-ad4b-4d36-9527-e798fca46088,8-(19),2,5,4,3,final_check,行列演算と逆行列,行列 $A=\begin{bmatrix}1&3&1\\ 2&5&2\\ 3&4&0\end{bmatrix}$ について、$\tilde{A}$ をその余因子行列とする。,$A\tilde{A}$ を求めよ。,-3,1,4
e78f0cca-9a13-4f1e-b507-6044d99ad8c8,d10fe433-ad4b-4d36-9527-e798fca46088,8-2-(5),2,4,4,4,final_check,行列演算と逆行列,以下の行列が正則かどうか調べよ。さらに、正則であれば逆行列を求めよ。,$\begin{bmatrix}0&0&1&0\\ 0&-1&0&0\\ -1&0&2&0\\ 0&1&-1&1\end{bmatrix}$,-2,0,2
44ce8f74-13b0-49ce-9a75-814c5743e8ef,d10fe433-ad4b-4d36-9527-e798fca46088,8-4-(2),5,2,4,4,final_check,行列演算と逆行列,"$A=\begin{bmatrix}1&1&0\\ 2&3&-2\\ 3&4&-3\end{bmatrix}, B=\begin{bmatrix}0&-1&2\\ 1&0&-3\\ -2&3&0\end{bmatrix}$ に対して以下の問いに答えよ。",$YA=B$ を満たす3次正方行列 $Y$ を求めよ。,3,0,3
7842a94d-c2c5-4b4a-b3fd-2cc99660aa0a,41e00e5a-dca8-44a0-835d-2bf183713f85,2-7-(3),1,4,4,3,final_check,行列演算と逆行列,"次を満たす2次正方行列 $P, Q_\theta, R_\theta$ を定めよ。","原点の周りに角 $\theta$ だけ回転移動した直線を $l_\theta$ とする。点 $(x,y)$ を $l_\theta$ に関して対称移動した点を $(x',y')$ とするとき、2点の関係を $\begin{bmatrix}x'\\ y'\end{bmatrix}=R_\theta\begin{bmatrix}x\\ y\end{bmatrix}$ の形に書き表せ。",-3,1,4
c8db2275-2586-45fc-b365-c8c3e68e932b,41e00e5a-dca8-44a0-835d-2bf183713f85,4-1-(1),6,2,5,2,final_check,行列演算と逆行列,次の行列に行基本変形を行い、簡約行列に変形せよ。,$\begin{bmatrix}0&-1&2\\ 1&0&-1\\ 0&0&0\end{bmatrix}$,4,3,1
ba4d2e4b-20be-4983-a77a-80c9643aabfd,41e00e5a-dca8-44a0-835d-2bf183713f85,4-1-(2),6,1,6,1,final_check,行列演算と逆行列,次の行列に行基本変形を行い、簡約行列に変形せよ。,$\begin{bmatrix}0&0\\ -2&3\end{bmatrix}$,5,5,0
12e2bbf6-5baf-4167-b350-ff9fb320e673,41e00e5a-dca8-44a0-835d-2bf183713f85,8-1-(2),6,1,4,3,final_check,行列演算と逆行列,"$A=\begin{bmatrix}a&b\\ c&d\end{bmatrix}, \tilde{A}=\begin{bmatrix}d&-b\\ -c&a\end{bmatrix}, B=\begin{bmatrix}e&f\\ g&h\end{bmatrix}$ とする。",$A\tilde{A}$ を計算せよ。,5,1,4
cd2d9f67-9d28-42f8-a9fd-29e2034a2bf0,41e00e5a-dca8-44a0-835d-2bf183713f85,8-1-(5),1,4,2,5,final_check,行列演算と逆行列,"$A=\begin{bmatrix}a&b\\ c&d\end{bmatrix}, \tilde{A}=\begin{bmatrix}d&-b\\ -c&a\end{bmatrix}, B=\begin{bmatrix}e&f\\ g&h\end{bmatrix}$ とする。",$|A|\neq 0$ と $A$ が正則であることは同値であることを示せ。,-3,-3,0
204bf32c-2d7c-4432-9777-183ba99c08b1,41e00e5a-dca8-44a0-835d-2bf183713f85,2-4-(1),6,1,6,1,final_check,行列演算と逆行列,"$A=\begin{bmatrix}2&-1&1\\ 1&0&-1\end{bmatrix}, B=\begin{bmatrix}-2&1&2\\ 2&3&1\end{bmatrix}, C=\begin{bmatrix}2&-1&0\\ -3&0&2\\ 0&1&4\end{bmatrix}$ のとき、次の行列を求めよ。",$2A-3B$,5,5,0
913a5c07-39bf-407d-bce0-35936c4f93c0,41e00e5a-dca8-44a0-835d-2bf183713f85,2-4-(2),5,2,6,2,final_check,行列演算と逆行列,"$A=\begin{bmatrix}2&-1&1\\ 1&0&-1\end{bmatrix}, B=\begin{bmatrix}-2&1&2\\ 2&3&1\end{bmatrix}, C=\begin{bmatrix}2&-1&0\\ -3&0&2\\ 0&1&4\end{bmatrix}$ のとき、次の行列を求めよ。",$2X+3A=B$ を満たす行列 $X$,3,4,1
a4ec339a-e155-4b16-99bb-6d48c072496b,41e00e5a-dca8-44a0-835d-2bf183713f85,2-4-(3),6,1,6,2,final_check,行列演算と逆行列,"$A=\begin{bmatrix}2&-1&1\\ 1&0&-1\end{bmatrix}, B=\begin{bmatrix}-2&1&2\\ 2&3&1\end{bmatrix}, C=\begin{bmatrix}2&-1&0\\ -3&0&2\\ 0&1&4\end{bmatrix}$ のとき、次の行列を求めよ。",$BC$,5,4,1
c5df0eac-f718-4474-9375-e3f932264c7d,41e00e5a-dca8-44a0-835d-2bf183713f85,2-4-(4),5,2,5,3,final_check,行列演算と逆行列,"$A=\begin{bmatrix}2&-1&1\\ 1&0&-1\end{bmatrix}, B=\begin{bmatrix}-2&1&2\\ 2&3&1\end{bmatrix}, C=\begin{bmatrix}2&-1&0\\ -3&0&2\\ 0&1&4\end{bmatrix}$ のとき、次の行列を求めよ。",$A C^t B^t$,3,2,1
a0c3d0a7-606f-4b09-a79b-813c78871b93,41e00e5a-dca8-44a0-835d-2bf183713f85,2-6-(1),6,1,5,2,final_check,行列演算と逆行列,2次正則行列の逆行列の公式を用いて、次の問いに答えよ。,次の行列の逆行列を求めよ。\n$\begin{bmatrix}\cos\theta&\sin\theta\\ \sin\theta&-\cos\theta\end{bmatrix}$,5,3,2
8badc743-fa44-4c40-a503-06caef694f64,41e00e5a-dca8-44a0-835d-2bf183713f85,2-7-(1),1,3,6,1,final_check,行列演算と逆行列,"次を満たす2次正方行列 $P, Q_\theta, R_\theta$ を定めよ。","点 $(x,y)$ を $x$ 軸に関して対称移動した点を $(x',y')$ とするとき、2点の関係を $\begin{bmatrix}x'\\ y'\end{bmatrix}=P\begin{bmatrix}x\\ y\end{bmatrix}$ の形に書き表せ。",-2,5,7
66fa09c7-239b-485a-86d5-11acef1bfed6,41e00e5a-dca8-44a0-835d-2bf183713f85,8-2-(3),1,2,5,3,final_check,行列演算と逆行列,以下の行列が正則かどうか調べよ。さらに、正則であれば逆行列を求めよ。,$\begin{bmatrix}2&1&3\\ 3&2&5\\ 1&2&3\end{bmatrix}$,-1,2,3
fc32924c-2216-4de3-9dcd-efc761d88bf9,41e00e5a-dca8-44a0-835d-2bf183713f85,8-2-(5),1,1,3,5,final_check,行列演算と逆行列,以下の行列が正則かどうか調べよ。さらに、正則であれば逆行列を求めよ。,$\begin{bmatrix}0&0&1&0\\ 0&-1&0&0\\ -1&0&2&0\\ 0&1&-1&1\end{bmatrix}$,0,-2,2
c6b44baf-012d-47cb-a0d8-f20eaff4817f,41e00e5a-dca8-44a0-835d-2bf183713f85,8-4-(2),6,2,4,4,final_check,行列演算と逆行列,"$A=\begin{bmatrix}1&1&0\\ 2&3&-2\\ 3&4&-3\end{bmatrix}, B=\begin{bmatrix}0&-1&2\\ 1&0&-3\\ -2&3&0\end{bmatrix}$ に対して以下の問いに答えよ。",$YA=B$ を満たす3次正方行列 $Y$ を求めよ。,4,0,4
ac69556b-e5db-452c-8ead-b0994d4afac4,41e00e5a-dca8-44a0-835d-2bf183713f85,8-6-(1),4,4,4,3,final_check,行列演算と逆行列,正方行列 $A$ が $^tAA=E$ を満たすとき $A$ を直交行列という。以下の行列について答えよ。,$P=\begin{bmatrix}\cos\theta&-\sin\theta\\ \sin\theta&\cos\theta\end{bmatrix}$ は直交行列であることを示せ。さらに、$P$ の逆行列を求めよ。,0,1,1
150dbd05-1d62-470a-84e6-b1ae41568110,41e00e5a-dca8-44a0-835d-2bf183713f85,8-6-(2),2,5,3,5,final_check,行列演算と逆行列,正方行列 $A$ が $^tAA=E$ を満たすとき $A$ を直交行列という。以下の行列について答えよ。,$Q=\begin{bmatrix}\sin\theta\cos\varphi&\cos\theta\cos\varphi&-\sin\varphi\\ \sin\theta\sin\varphi&\cos\theta\sin\varphi&\cos\varphi\\ \cos\theta&-\sin\theta&0\end{bmatrix}$ は直交行列であることを示せ。さらに、$Q$ の逆行列を求めよ。,-3,-2,1
d99d5885-904b-48ed-9259-e9f7561f4923,41e00e5a-dca8-44a0-835d-2bf183713f85,8-6-(3),3,3,2,4,final_check,行列演算と逆行列,正方行列 $A$ が $^tAA=E$ を満たすとき $A$ を直交行列という。以下の行列について答えよ。,問5(3)の行列を $R$ とする。$r\sin\theta \neq 0$ のとき、$R$ の逆行列を求めよ。,0,-2,2
cebc8d41-93be-45ae-8e16-0cfb9a61df19,41e00e5a-dca8-44a0-835d-2bf183713f85,8-Rep-1-(ii),6,1,5,3,final_check,行列演算と逆行列,$A=\begin{bmatrix}2&k&4\\ 1&1&-1\\ 4&2&1\end{bmatrix}$ とする。,$k=-1$ のとき、$A$ の逆行列 $A^{-1}$ を求めよ。,5,2,3
3482d1de-ce05-43e3-b7f0-0651e429de46,41e00e5a-dca8-44a0-835d-2bf183713f85,10-2-(2),1,4,2,5,final_check,行列演算と逆行列,$n$ 次正方行列 $A$ の余因子行列を $\tilde{A}$、$n$ 次単位行列を $E$ とする。,$|\tilde{A}|$ を $|A|$ を用いて表せ。,-3,-3,0
e3d2cb3c-5abc-455f-9725-beb976b832e8,41e00e5a-dca8-44a0-835d-2bf183713f85,10-Rep-1-(ii),1,5,3,4,final_check,行列演算と逆行列,"次の2つの行列 $A, B$ を考える。\n$A=\begin{bmatrix}1&0&-1&1\\ 2&1&0&1\\ 1&1&-1&0\\ 0&3&2&1\end{bmatrix}, B=\begin{bmatrix}4&-4&-3&9\\ 3&-1&-4&5\\ 8&5&-8&-9\\ 3&0&4&8\end{bmatrix}$","$A$ の余因子行列の $(4,1)$ 成分を求めよ。さらにそれを用いて、$A^{-1}$ の $(4,1)$ 成分を求めよ。",-4,-1,3
7343cc4b-00ad-4ff2-9ba0-75324924696f,41e00e5a-dca8-44a0-835d-2bf183713f85,7-(15),6,2,3,4,final_check,行列演算と逆行列,"$a_1=\begin{bmatrix}1\\ 0\\ 2\\ 3\end{bmatrix}, a_2=\begin{bmatrix}1\\ 1\\ -2\\ 2\end{bmatrix}, a_3=\begin{bmatrix}3\\ 2\\ 1\\ 0\end{bmatrix}, b=\begin{bmatrix}1\\ 1\\ 4\\ k\end{bmatrix}$ について、次の問いに答えよ。","$b=c_1a_1+c_2a_2+c_3a_3$ を満たす実数 $c_1,c_2,c_3$ が存在するための $k$ の条件を求めよ。",4,-1,5
d133b95f-925b-45e8-a909-ef357c1f59a4,41e00e5a-dca8-44a0-835d-2bf183713f85,6-(12),6,2,4,3,final_check,行列演算と逆行列,行列 $\begin{bmatrix}2&1&1\\ 1&-2&0\\ 1&2&1\end{bmatrix}$ について、次の問いに答えよ。,逆行列の第3列ベクトルを求めよ。,4,1,3
8a7abc85-25e9-400e-b6b3-fe945c2e12d5,41e00e5a-dca8-44a0-835d-2bf183713f85,8-(18),1,2,4,3,final_check,行列演算と逆行列,行列 $A=\begin{bmatrix}1&3&1\\ 2&5&2\\ 3&4&0\end{bmatrix}$ について、$\tilde{A}$ をその余因子行列とする。,$\tilde{A}$ の第3列ベクトルを求めよ。,-1,1,2
eb84752f-dc45-4bf9-a557-23c6496f3ab4,41e00e5a-dca8-44a0-835d-2bf183713f85,8-(19),1,2,3,3,final_check,行列演算と逆行列,行列 $A=\begin{bmatrix}1&3&1\\ 2&5&2\\ 3&4&0\end{bmatrix}$ について、$\tilde{A}$ をその余因子行列とする。,$A\tilde{A}$ を求めよ。,-1,0,1
ccdb6dfc-3407-4e69-8e7b-daf930ce8409,41e00e5a-dca8-44a0-835d-2bf183713f85,4-3-(2),6,2,3,3,final_check,行列演算と逆行列,次の行列を何回かの行基本変形で簡約行列に変形し、階数（rank）を求めよ。,$\begin{bmatrix}0&-1&3&6\\ 2&5&3&4\\ 3&7&6&9\end{bmatrix}$,4,0,4
dfa54d2f-5592-4507-864c-0e293fa7a699,41e00e5a-dca8-44a0-835d-2bf183713f85,8-2-(1),1,5,3,3,final_check,行列演算と逆行列,以下の行列が正則かどうか調べよ。さらに、正則であれば逆行列を求めよ。,$\begin{bmatrix}e^x&-1\\ 0&e^y\end{bmatrix}$,-4,0,4
154b3654-cc2a-48df-820e-7f22c3f68312,d10fe433-ad4b-4d36-9527-e798fca46088,8-6-(3),3,3,4,2,final_check,行列演算と逆行列,正方行列 $A$ が $^tAA=E$ を満たすとき $A$ を直交行列という。以下の行列について答えよ。,問5(3)の行列を $R$ とする。$r\sin\theta \neq 0$ のとき、$R$ の逆行列を求めよ。,0,2,2
6164524b-8099-44b1-a9d6-b3d1ec046b62,41e00e5a-dca8-44a0-835d-2bf183713f85,10-6-(1),1,5,2,4,final_check,行列演算と逆行列,次の行列 $A$ の余因子行列 $\tilde{A}$ を求め、さらに $A$ が正則である場合には $A^{-1}$ を求めよ。\n$A=\begin{bmatrix}0&1&1\\ 1&0&1\\ 1&1&0\end{bmatrix}$,$\tilde{A}$ を求めよ。また $A^{-1}$ を求めよ。,-4,-2,2
2c368f67-8758-4fc6-97ee-c62562a5c4a9,41e00e5a-dca8-44a0-835d-2bf183713f85,2-7-(2),1,3,2,4,final_check,行列演算と逆行列,"次を満たす2次正方行列 $P, Q_\theta, R_\theta$ を定めよ。","点 $(x,y)$ を原点の周りに角 $\theta$ だけ回転移動した点を $(x',y')$ とするとき、2点の関係を $\begin{bmatrix}x'\\ y'\end{bmatrix}=Q_\theta\begin{bmatrix}x\\ y\end{bmatrix}$ の形に書き表せ。",-2,-2,0
9ec8b508-6657-46e7-88c9-4d039d5989f5,41e00e5a-dca8-44a0-835d-2bf183713f85,8-2-(4),1,2,2,3,final_check,行列演算と逆行列,以下の行列が正則かどうか調べよ。さらに、正則であれば逆行列を求めよ。,$\begin{bmatrix}1&1&-2\\ 3&2&-4\\ -2&0&2\end{bmatrix}$,-1,-1,0
41470241-8e62-473a-8285-d3aaf565ac56,41e00e5a-dca8-44a0-835d-2bf183713f85,8-4-(1),6,2,4,4,final_check,行列演算と逆行列,"$A=\begin{bmatrix}1&1&0\\ 2&3&-2\\ 3&4&-3\end{bmatrix}, B=\begin{bmatrix}0&-1&2\\ 1&0&-3\\ -2&3&0\end{bmatrix}$ に対して以下の問いに答えよ。",$AX=B$ を満たす3次正方行列 $X$ を求めよ。,4,0,4
48db107c-c492-4b6f-99f3-2f2d7a49dabb,37b95611-9620-40f1-ac65-d6285650f8db,2-7-(3),1,5,2,4,final_check,行列演算と逆行列,"次を満たす2次正方行列 $P, Q_\theta, R_\theta$ を定めよ。","原点の周りに角 $\theta$ だけ回転移動した直線を $l_\theta$ とする。点 $(x,y)$ を $l_\theta$ に関して対称移動した点を $(x',y')$ とするとき、2点の関係を $\begin{bmatrix}x'\\ y'\end{bmatrix}=R_\theta\begin{bmatrix}x\\ y\end{bmatrix}$ の形に書き表せ。",-4,-2,2
d7be0637-e36e-4a5a-9caa-931f88841d87,39d420e8-a543-441b-b5c0-ad75fe6c34e5,2-6-(1),2,5,3,4,final_check,行列演算と逆行列,2次正則行列の逆行列の公式を用いて、次の問いに答えよ。,次の行列の逆行列を求めよ。\n$\begin{bmatrix}\cos\theta&\sin\theta\\ \sin\theta&-\cos\theta\end{bmatrix}$,-3,-1,2
